Workbook

Sheet Data_quality
A1: A (Column Name) | B1: B (Excel Column Letter) | C1: Missing Count | D1: Total Count | E1: Percent Missing | F1: Column1
A2: straatnaam+identificatie_mast A | B2: A | C2: =COUNTBLANK(INDIRECT("'" & "Main_data" & "'!" & B2 & "2:" & B2 & MATCH("zzz", INDIRECT("'" & "Main_data" & "'!" & B2 & ":" & B2), 1))) -> 55338 | D2: =COUNTA(INDIRECT("'" & "Sheet1" & "'!" & B2 & "2:" & B2 & "60000")) -> 1 | E2: =IFERROR(C2 / (C2 + D2), 0) -> 0.99998193
A3: OBJECTID B | B3: B | C3: =COUNTBLANK(INDIRECT("'" & "Main_data" & "'!" & B3 & "2:" & B3 & MATCH("zzz", INDIRECT("'" & "Main_data" & "'!" & B3 & ":" & B3), 1))) -> 0 | D3: =COUNTA(INDIRECT("'" & "Sheet1" & "'!" & B3 & "2:" & B3 & "60000")) -> 1 | E3: =IFERROR(C3 / (C3 + D3), 0) -> 0
A4: STADSDEEL C | B4: C | C4: =COUNTBLANK(INDIRECT("'" & "Main_data" & "'!" & B4 & "2:" & B4 & MATCH("zzz", INDIRECT("'" & "Main_data" & "'!" & B4 & ":" & B4), 1))) -> 55338 | D4: =COUNTA(INDIRECT("'" & "Sheet1" & "'!" & B4 & "2:" & B4 & "60000")) -> 1 | E4: =IFERROR(C4 / (C4 + D4), 0) -> 0.99998193
A5: WIJK D | B5: D | C5: =COUNTBLANK(INDIRECT("'" & "Main_data" & "'!" & B5 & "2:" & B5 & MATCH("zzz", INDIRECT("'" & "Main_data" & "'!" & B5 & ":" & B5), 1))) -> 55338 | D5: =COUNTA(INDIRECT("'" & "Sheet1" & "'!" & B5 & "2:" & B5 & "60000")) -> 1 | E5: =IFERROR(C5 / (C5 + D5), 0) -> 0.99998193
A6: BUURT E | B6: E | C6: =COUNTBLANK(INDIRECT("'" & "Main_data" & "'!" & B6 & "2:" & B6 & MATCH("zzz", INDIRECT("'" & "Main_data" & "'!" & B6 & ":" & B6), 1))) -> 55338 | D6: =COUNTA(INDIRECT("'" & "Sheet1" & "'!" & B6 & "2:" & B6 & "60000")) -> 1 | E6: =IFERROR(C6 / (C6 + D6), 0) -> 0.99998193
A7: STRAATNAAM F | B7: F | C7: =COUNTBLANK(INDIRECT("'" & "Main_data" & "'!" & B7 & "2:" & B7 & MATCH("zzz", INDIRECT("'" & "Main_data" & "'!" & B7 & ":" & B7), 1))) -> 55338 | D7: =COUNTA(INDIRECT("'" & "Sheet1" & "'!" & B7 & "2:" & B7 & "60000")) -> 1 | E7: =IFERROR(C7 / (C7 + D7), 0) -> 0.99998193
A8: WEGVAK G | B8: G | C8: =COUNTBLANK(INDIRECT("'" & "Main_data" & "'!" & B8 & "2:" & B8 & MATCH("zzz", INDIRECT("'" & "Main_data" & "'!" & B8 & ":" & B8), 1))) -> 1 | D8: =COUNTA(INDIRECT("'" & "Sheet1" & "'!" & B8 & "2:" & B8 & "60000")) -> 1 | E8: =IFERROR(C8 / (C8 + D8), 0) -> 0.5
A9: IDENTIFICATIE H | B9: H | C9: =COUNTBLANK(INDIRECT("'" & "Main_data" & "'!" & B9 & "2:" & B9 & MATCH("zzz", INDIRECT("'" & "Main_data" & "'!" & B9 & ":" & B9), 1))) -> 55338 | D9: =COUNTA(INDIRECT("'" & "Sheet1" & "'!" & B9 & "2:" & B9 & "60000")) -> 1 | E9: =IFERROR(C9 / (C9 + D9), 0) -> 0.99998193
A10: LOKATIE I | B10: I | C10: =COUNTBLANK(INDIRECT("'" & "Main_data" & "'!" & B10 & "2:" & B10 & MATCH("zzz", INDIRECT("'" & "Main_data" & "'!" & B10 & ":" & B10), 1))) -> 56469 | D10: =COUNTA(INDIRECT("'" & "Sheet1" & "'!" & B10 & "2:" & B10 & "60000")) -> 1 | E10: =IFERROR(C10 / (C10 + D10), 0) -> 0.99998229
A11: EIGENAAR J | B11: J | C11: =COUNTBLANK(INDIRECT("'" & "Main_data" & "'!" & B11 & "2:" & B11 & MATCH("zzz", INDIRECT("'" & "Main_data" & "'!" & B11 & ":" & B11), 1))) -> 55337 | D11: =COUNTA(INDIRECT("'" & "Sheet1" & "'!" & B11 & "2:" & B11 & "60000")) -> 1 | E11: =IFERROR(C11 / (C11 + D11), 0) -> 0.99998193
A12: X K | B12: K | C12: =COUNTBLANK(INDIRECT("'" & "Main_data" & "'!" & B12 & "2:" & B12 & MATCH("zzz", INDIRECT("'" & "Main_data" & "'!" & B12 & ":" & B12), 1))) -> 0 | D12: =COUNTA(INDIRECT("'" & "Sheet1" & "'!" & B12 & "2:" & B12 & "60000")) -> 1 | E12: =IFERROR(C12 / (C12 + D12), 0) -> 0
A13: Y L | B13: L | C13: =COUNTBLANK(INDIRECT("'" & "Main_data" & "'!" & B13 & "2:" & B13 & MATCH("zzz", INDIRECT("'" & "Main_data" & "'!" & B13 & ":" & B13), 1))) -> 0 | D13: =COUNTA(INDIRECT("'" & "Sheet1" & "'!" & B13 & "2:" & B13 & "60000")) -> 1 | E13: =IFERROR(C13 / (C13 + D13), 0) -> 0
... A45: NEW CK_IN_KELVIN AU | B45: AU | C45: =COUNTBLANK(INDIRECT("'" & "Main_data" & "'!" & B45 & "2:" & B45 & MATCH("zzz", INDIRECT("'" & "Main_data" & "'!" & B45 & ":" & B45), 1))) -> #N/A | D45: =COUNTA(INDIRECT("'" & "Sheet1" & "'!" & B45 & "2:" & B45 & "60000")) -> 1 | E45: =IFERROR(C45 / (C45 + D45), 0) -> 0

Sheet Helper_table
A1: A (Column Name) | B1: B (Excel Column Letter) | C1: Missing Count | D1: Total Count | E1: Percent Missing
A2: WEGVAK G | B2: G | C2: 1 | D2: 0 | E2: 1
A3: LOKATIE I | B3: I | C3: 54747 | D3: 2007 | E3: 0.96463685
A4: DATUM_ONDERHOUD_LAMP P | B4: P | C4: 268 | D4: 56596 | E4: 0.0047129994
A5: SOORT_LAMP Q | B5: Q | C5: 591 | D5: 56273 | E5: 0.010393219
A6: KLEUR_LAMP R | B6: R | C6: 12686 | D6: 44178 | E6: 0.2230937
A7: RA_WAARDE_LAMP U | B7: U | C7: 1 | D7: 5138 | E7: 0.00019459039
A8: SCHAKELSCHEMA_LAMP W | B8: W | C8: 188 | D8: 56676 | E8: 0.0033061339
A9: IDENTIFICATIE_ARMATUUR X | B9: X | C9: 964 | D9: 55900 | E9: 0.016952729
A10: BRANDSTAND_ARMATUUR AC | B10: AC | C10: 15386 | D10: 41478 | E10: 0.27057541
A11: IDENTIFICATIE_DRAGER_MAST AD | B11: AD | C11: 33947 | D11: 3 | E11: 0.99991163
A12: TYPE_DRAGER_MAST AE | B12: AE | C12: 78 | D12: 56786 | E12: 0.0013716939
A13: DATUM_PLAATSING_DRAGER_MAST AF | B13: AF | C13: 78 | D13: 56786 | E13: 0.0013716939
... A19: CK_IN_KELVIN AP | B19: AP | C19: 45876 | D19: 10949 | E19: 0.80732072

Sheet Main_data
A1: straatnaam+identificatie_mast | B1: OBJECTID | C1: STADSDEEL | D1: WIJK | E1: BUURT | F1: STRAATNAAM | G1: WEGVAK | H1: IDENTIFICATIE | I1: LOKATIE | J1: EIGENAAR | K1: X | L1: Y | M1: IDENTIFICATIE_LAMP | N1: TYPE_LAMP | O1: DATUM_PLAATSING_LAMP | P1: DATUM_ONDERHOUD_LAMP | Q1: SOORT_LAMP | R1: KLEUR_LAMP | S1: WATTAGE_LAMP | T1: LUMEN_LAMP | U1: RA_WAARDE_LAMP | V1: FITTING_LAMP | W1: SCHAKELSCHEMA_LAMP | X1: IDENTIFICATIE_ARMATUUR | Y1: TYPE_ARMATUUR | Z1: DATUM_PLAATSING_ARMATUUR | AA1: DATUM_ONDERHOUD_ARMATUUR | AB1: LPH_ARMATUUR | AC1: BRANDSTAND_ARMATUUR | AD1: IDENTIFICATIE_DRAGER_MAST | AE1: TYPE_DRAGER_MAST | AF1: DATUM_PLAATSING_DRAGER_MAST | AG1: DATUM_ONDERHOUD_DRAGER_MAST | AH1: IDENTIFICATIE_DRAGER_UITHOUDER | AI1: TYPE_DRAGER_UITHOUDER | AJ1: DATUM_PLAATSING_DRAGER_UITHOUD | AK1: DATUM_ONDERHOUD_DRAGER_UITHOUD | AL1: geo_shape | AM1: geo_point_2d | AN1: Locat | AO1: TYPE_LAMP.1 | AP1: Column1 | AQ1: CK_IN_KELVIN
A2: Scherpenering 035 | B2: 4935381 | C2: 6 Strijp | D2: 63 Meerhoven | E2: 638 Eindhoven Airport | F2: Scherpenering | H2: 035 | J2: Gemeente Eindhoven | K2: 153049.07 | L2: 384691.93 | M2: 1 | N2: LED94/830 DM11 | O2: 2020-06-08 | P2: 2045-08-19 | Q2: led | R2: wit | S2: 69 | T2: 11900 | V2: LED | W2: in30lux 100% - 19:00 | X2: A | Y2: BGP761 | Z2: 2020-06-08 | AA2: 2040-06-08 | AB2: 600 | AC2: 1 | AE2: ST 8 V-100.N.183 VZ CIL | AF2: 2020-03-18 | AG2: 2060-03-18 | AI2: ST ENKEL 100 X 162 V | AJ2: 2020-03-18 | AK2: 2060-03-18 | AL2: {"coordinates":[5.359133139228652,51.45130801888537],"type":"Point"} | AM2: 51.45130801888537, 5.359133139228652 | AN2: 51.451308255369554, 5.359134469772243 | AO2: LED94/830 DM11 | AP2: 3000 | AQ2: =IF(ISBLANK(AP2), IFERROR(IF(VLOOKUP(AO2, Ellens_additions!$A$2:$B$252, 2, FALSE) = "", "", VLOOKUP(AO2, Ellens_additions!$A$2:$B$252, 2, FALSE)), 0), AP2) -> 3000
A3: Scherpenering 037 | B3: 4935383 | C3: 6 Strijp | D3: 63 Meerhoven | E3: 638 Eindhoven Airport | F3: Scherpenering | H3: 037 | J3: Gemeente Eindhoven | K3: 152954.62 | L3: 384850.77 | M3: 1 | N3: LED94/830 DM11 | O3: 2020-06-08 | P3: 2045-08-19 | Q3: led | R3: wit | S3: 69 | T3: 11900 | V3: LED | W3: in30lux 100% - 19:00 | X3: A | Y3: BGP761 | Z3: 2020-06-08 | AA3: 2040-06-08 | AB3: 600 | AC3: 1 | AE3: ST 8 V-100.N.183 VZ CIL | AF3: 2020-03-18 | AG3: 2060-03-18 | AI3: ST ENKEL 100 X 162 V | AJ3: 2020-03-18 | AK3: 2060-03-18 | AL3: {"coordinates":[5.35777338415337,51.45273546677744],"type":"Point"} | AM3: 51.45273546677744, 5.35777338415337 | AN3: 51.452735700544046, 5.357774715472167 | AO3: LED94/830 DM11 | AP3: 3000 | AQ3: =IF(ISBLANK(AP3), IFERROR(IF(VLOOKUP(AO3, Ellens_additions!$A$2:$B$252, 2, FALSE) = "", "", VLOOKUP(AO3, Ellens_additions!$A$2:$B$252, 2, FALSE)), 0), AP3) -> 3000
A4: Scherpenering 038 | B4: 4935384 | C4: 6 Strijp | D4: 63 Meerhoven | E4: 638 Eindhoven Airport | F4: Scherpenering | H4: 038 | J4: Gemeente Eindhoven | K4: 152907.36 | L4: 384932.69 | M4: 1 | N4: LED94/830 DM50 | O4: 2020-03-18 | P4: 2045-05-12 | Q4: led | S4: 74 | T4: 9400 | V4: LED | W4: in30lux 100% - 19:00 | X4: A | Y4: BGP761 LED94/830 I D | Z4: 2020-03-18 | AA4: 2040-03-18 | AB4: 600 | AC4: 1 | AE4: ST 8 V-100.N.183 VZ CIL | AF4: 2020-03-18 | AG4: 2060-03-18 | AI4: ST ENKEL 100 X 162 V | AJ4: 2020-03-18 | AK4: 2060-03-18 | AL4: {"coordinates":[5.357093014185985,51.45347167426457],"type":"Point"} | AM4: 51.45347167426457, 5.357093014185985 | AN4: 51.45347190666831, 5.357094345581023 | AO4: LED94/830 DM50 | AP4: 3000 | AQ4: =IF(ISBLANK(AP4), IFERROR(IF(VLOOKUP(AO4, [1]Ellens_additions!$A$2:$B$252, 2, FALSE) = "", "", VLOOKUP(AO4, Ellens_additions!$A$2:$B$252, 2, FALSE)), 0), AP4) -> 3000
A5: Mispelhoefstraat 026 | B5: 4935385 | C5: 6 Strijp | D5: 62 Halve Maan | E5: 628 Mispelhoef | F5: Mispelhoefstraat | H5: 026 | J5: Gemeente Eindhoven | K5: 156706.03 | L5: 387037.29 | M5: 1 | N5: SON-T PIA PLUS 50W | O5: 2023-12-01 | P5: 2027-05-17 | Q5: sont | R5: geel | S5: 50 | T5: 4400 | V5: E27 | W5: in30lux 100% - uit30 | X5: A | Y5: SGS203 SON/T 50 W | Z5: 2010-08-31 | AA5: 2040-08-31 | AB5: 900 | AC5: 1 | AE5: ST 9 STANDAARD VZ | AF5: 2001-01-29 | AG5: 2041-01-29 | AI5: ST ENKEL 1 M LOS VZ | AJ5: 2001-01-29 | AK5: 2041-01-29 | AL5: {"coordinates":[5.4117541990350055,51.47239033866345],"type":"Point"} | AM5: 51.47239033866345, 5.4117541990350055 | AN5: 51.472390652893424, 5.4117557166604575 | AO5: SON-T PIA PLUS 50W | AQ5: =IF(ISBLANK(AP5), IFERROR(IF(VLOOKUP(AO5, Ellens_additions!$A$2:$B$252, 2, FALSE) = "", "", VLOOKUP(AO5, Ellens_additions!$A$2:$B$252, 2, FALSE)), 0), AP5) -> 2000
A6: De Schakel 117 | B6: 4935387 | C6: 6 Strijp | D6: 62 Halve Maan | E6: 628 Mispelhoef | F6: De Schakel | H6: 117 | J6: Gemeente Eindhoven | K6: 156655.03 | L6: 387019.37 | M6: 1 | N6: SON PIA PLUS 100W | O6: 2023-11-28 | P6: 2028-12-03 | Q6: son | R6: geel | S6: 100 | T6: 9700 | V6: E40 | W6: in30lux 100% - 19:00 | X6: A | Y6: SGS203 SON 100 W DIM | Z6: 2001-01-29 | AA6: 2031-01-29 | AB6: 900 | AC6: 1 | AE6: ST 9 STANDAARD VZ | AF6: 2001-01-29 | AG6: 2041-01-29 | AI6: ST ENKEL 1 M LOS VZ | AJ6: 2001-01-29 | AK6: 2041-01-29 | AL6: {"coordinates":[5.411020106609674,51.47222938016331],"type":"Point"} | AM6: 51.47222938016331, 5.411020106609674 | AN6: 51.472229693352865, 5.411021622995992 | AO6: SON PIA PLUS 100W | AQ6: =IF(ISBLANK(AP6), IFERROR(IF(VLOOKUP(AO6, Ellens_additions!$A$2:$B$252, 2, FALSE) = "", "", VLOOKUP(AO6, Ellens_additions!$A$2:$B$252, 2, FALSE)), 0), AP6) -> 2000
A7: Botenlaan 023 | B7: 4935397 | C7: 6 Strijp | D7: 61 Oud-Strijp | E7: 614 Schouwbroek | F7: Botenlaan | H7: 023 | J7: Gemeente Eindhoven | K7: 159380.15 | L7: 383386.98 | M7: 1 | N7: LED90/740 I DX50 DGR | O7: 2017-10-09 | P7: 2042-11-16 | Q7: led | R7: wit | S7: 61 | T7: 9000 | V7: LED | W7: in30lux 100% - 19:00 | X7: A | Y7: BGP761 | Z7: 2017-10-16 | AA7: 2037-10-16 | AB7: 900 | AC7: 1 | AE7: ST 11 STANDAARD VZ | AF7: 2001-06-15 | AG7: 2041-06-15 | AI7: ST DUBBEL 1,50 M L. | AJ7: 2001-06-15 | AK7: 2041-06-15 | AL7: {"coordinates":[5.4501972468318565,51.43956443418023],"type":"Point"} | AM7: 51.43956443418023, 5.4501972468318565 | AN7: 51.43956475176129, 5.450198523867777 | AO7: LED90/740 I DX50 DGR | AP7: 4000 | AQ7: =IF(ISBLANK(AP7), IFERROR(IF(VLOOKUP(AO7, Ellens_additions!$A$2:$B$252, 2, FALSE) = "", "", VLOOKUP(AO7, Ellens_additions!$A$2:$B$252, 2, FALSE)), 0), AP7) -> 4000
A8: Lodewijkstraat 002 | B8: 4935399 | C8: 6 Strijp | D8: 62 Halve Maan | E8: 621 Hurk | F8: Lodewijkstraat | H8: 002 | J8: Gemeente Eindhoven | K8: 159471.33 | L8: 382450.38 | M8: 1 | N8: LED239/740 DM70 | O8: 2020-01-15 | P8: 2045-02-20 | Q8: led | S8: 150 | T8: 24000 | V8: LED | W8: in30lux 90% - 19:00 | X8: A | Y8: BGP762 | Z8: 2020-01-15 | AA8: 2040-01-15 | AB8: 1300 | AC8: 1 | AE8: ST 13 V-100.T.114 | AF8: 2001-09-17 | AG8: 2041-09-17 | AI8: ST ENKEL 1,50 M LOS | AJ8: 2001-09-17 | AK8: 2041-09-17 | AL8: {"coordinates":[5.451496743335362,51.431144957595926],"type":"Point"} | AM8: 51.431144957595926, 5.451496743335362 | AN8: 51.431145269255, 5.451497969286229 | AO8: LED239/740 DM70 | AP8: 4000 | AQ8: =IF(ISBLANK(AP8), IFERROR(IF(VLOOKUP(AO8, Ellens_additions!$A$2:$B$252, 2, FALSE) = "", "", VLOOKUP(AO8, Ellens_additions!$A$2:$B$252, 2, FALSE)), 0), AP8) -> 4000
A9: Lodewijkstraat 005 | B9: 4935403 | C9: 6 Strijp | D9: 62 Halve Maan | E9: 621 Hurk | F9: Lodewijkstraat | H9: 005 | J9: Gemeente Eindhoven | K9: 159405.39 | L9: 382588.97 | M9: 1 | N9: LED239/740 DM70 | O9: 2020-01-15 | P9: 2045-02-20 | Q9: led | S9: 150 | T9: 24000 | V9: LED | W9: in30lux 90% - 19:00 | X9: A | Y9: BGP762 | Z9: 2020-01-15 | AA9: 2040-01-15 | AB9: 1300 | AC9: 1 | AE9: ST 13 V-100.T.114 | AF9: 2001-10-03 | AG9: 2041-10-03 | AI9: ST ENKEL 1,50 M LOS | AJ9: 2001-10-03 | AK9: 2041-10-03 | AL9: {"coordinates":[5.450550348425426,51.43239120899901],"type":"Point"} | AM9: 51.43239120899901, 5.450550348425426 | AN9: 51.43239152099905, 5.450551583565537 | AO9: LED239/740 DM70 | AP9: 4000 | AQ9: =IF(ISBLANK(AP9), IFERROR(IF(VLOOKUP(AO9, Ellens_additions!$A$2:$B$252, 2, FALSE) = "", "", VLOOKUP(AO9, Ellens_additions!$A$2:$B$252, 2, FALSE)), 0), AP9) -> 4000
A10: Lodewijkstraat 007 | B10: 4935405 | C10: 6 Strijp | D10: 62 Halve Maan | E10: 621 Hurk | F10: Lodewijkstraat | H10: 007 | J10: Gemeente Eindhoven | K10: 159362.25 | L10: 382684.01 | M10: 1 | N10: LED239/740 DM70 | O10: 2020-01-15 | P10: 2045-02-20 | Q10: led | S10: 150 | T10: 24000 | V10: LED | W10: in30lux 90% - 19:00 | X10: A | Y10: BGP762 | Z10: 2020-01-15 | AA10: 2040-01-15 | AB10: 1300 | AC10: 1 | AE10: ST 13 V-100.T.114 | AF10: 2001-10-03 | AG10: 2041-10-03 | AI10: ST ENKEL 1,50 M LOS | AJ10: 2001-10-03 | AK10: 2041-10-03 | AL10: {"coordinates":[5.449931070233582,51.43324584638235],"type":"Point"} | AM10: 51.43324584638235, 5.449931070233582 | AN10: 51.433246158898505, 5.449932312086022 | AO10: LED239/740 DM70 | AP10: 4000 | AQ10: =IF(ISBLANK(AP10), IFERROR(IF(VLOOKUP(AO10, Ellens_additions!$A$2:$B$252, 2, FALSE) = "", "", VLOOKUP(AO10, Ellens_additions!$A$2:$B$252, 2, FALSE)), 0), AP10) -> 4000
J27: S
A471: Ketelhuisplein 001 | B471: 4936828 | C471: 6 Strijp | D471: 61 Oud-Strijp | E471: 616 Strijp-S | F471: Ketelhuisplein | H471: 001 | J471: Park Strijp beheer | K471: 159844.46 | L471: 384338.06 | M471: 1 | N471: 24 LED LENSOFLEX2 27 | O471: 2014-05-01 | P471: 2039-01-31 | Q471: led | R471: wit | S471: 27 | T471: 3600 | V471: LED | W471: in40lux 100% - uit40 | X471: A | Y471: SCHREDER TECEO-1 AKZ | Z471: 2014-05-01 | AA471: 2034-05-01 | AB471: 60 | AE471: ST 6 CONISCH VZ | AF471: 2014-05-01 | AG471: 2054-05-01 | AI471: ST ENKEL 0,3 M VZ | AJ471: 2014-05-01 | AK471: 2054-05-01 | AL471: {"coordinates":[5.456888237015818,51.44810958797561],"type":"Point"} | AM471: 51.44810958797561, 5.456888237015818 | AN471: 51.44810991489546, 5.456889547046488 | AO471: 24 LED LENSOFLEX2 27 | AQ471: =IF(ISBLANK(AP471), IFERROR(IF(VLOOKUP(AO471, Ellens_additions!$A$2:$B$252, 2, FALSE) = "", "", VLOOKUP(AO471, Ellens_additions!$A$2:$B$252, 2, FALSE)), 0), AP471)
A822: Marathonloop 004 | B822: 4944954 | C822: 5 Woensel-Noord | D822: 51 Ontginning | E822: 511 Driehoeksbos | F822: Marathonloop | H822: 004 | J822: Gemeente Eindhoven | K822: 158896.19 | L822: 387231.88 | N822: LED140-4S/830 DW50 | O822: 2023-11-01 | P822: 2048-12-06 | Q822: led | S822: 106 | T822: 14000 | V822: LED | W822: in30lux 100% - 19:00 | Y822: BGP502 | Z822: 2023-11-01 | AA822: 2043-11-01 | AB822: 0 | AE822: ST 10 V-100.S.210 VZ CIL | AF822: 2023-11-01 | AG822: 2063-11-01 | AI822: ST ENKEL 100x070 | AJ822: 2023-11-01 | AK822: 2053-11-01 | AL822: {"coordinates":[5.443279150581846,51.47412851117845],"type":"Point"} | AM822: 51.47412851117845, 5.443279150581846 | AN822: 51.47412885823664, 5.443280652721446 | AO822: LED140-4S/830 DW50 | AP822: 3000 | AQ822: =IF(ISBLANK(AP822), IFERROR(IF(VLOOKUP(AO822, Ellens_additions!$A$2:$B$252, 2, FALSE) = "", "", VLOOKUP(AO822, Ellens_additions!$A$2:$B$252, 2, FALSE)), 0), AP822) -> 3000
A824: Marathonloop 014 | B824: 4944959 | C824: 5 Woensel-Noord | D824: 51 Ontginning | E824: 511 Driehoeksbos | F824: Marathonloop | H824: 014 | J824: Gemeente Eindhoven | K824: 159037.91 | L824: 387318.83 | N824: LED140-4S/830 DW50 | O824: 2023-11-01 | P824: 2048-12-06 | Q824: led | S824: 106 | T824: 14000 | V824: LED | W824: in30lux 100% - 19:00 | Y824: BGP502 | Z824: 2023-11-01 | AA824: 2043-11-01 | AB824: 0 | AE824: ST 10 V-100.S.210 VZ CIL | AF824: 2023-11-01 | AG824: 2063-11-01 | AI824: ST ENKEL 100x070 | AJ824: 2023-11-01 | AK824: 2053-11-01 | AL824: {"coordinates":[5.44531997698898,51.474909008501484],"type":"Point"} | AM824: 51.474909008501484, 5.44531997698898 | AN824: 51.474909357877586, 5.4453214770018254 | AO824: LED140-4S/830 DW50 | AP824: 3000 | AQ824: =IF(ISBLANK(AP824), IFERROR(IF(VLOOKUP(AO824, Ellens_additions!$A$2:$B$252, 2, FALSE) = "", "", VLOOKUP(AO824, Ellens_additions!$A$2:$B$252, 2, FALSE)), 0), AP824) -> 3000
A826: Marathonloop 016 | B826: 4944960 | C826: 5 Woensel-Noord | D826: 51 Ontginning | E826: 511 Driehoeksbos | F826: Marathonloop | H826: 016 | J826: Gemeente Eindhoven | K826: 159067.45 | L826: 387334.74 | N826: LED140-4S/830 DW50 | O826: 2023-11-01 | P826: 2048-12-06 | Q826: led | S826: 106 | T826: 14000 | V826: LED | W826: in30lux 100% - 19:00 | Y826: BGP502 | Z826: 2023-11-01 | AA826: 2043-11-01 | AB826: 0 | AE826: ST 10 V-100.S.210 VZ CIL | AF826: 2023-11-01 | AG826: 2063-11-01 | AI826: ST ENKEL 100x070 | AJ826: 2023-11-01 | AK826: 2053-11-01 | AL826: {"coordinates":[5.4457453082619995,51.47505184037506],"type":"Point"} | AM826: 51.47505184037506, 5.4457453082619995 | AN826: 51.4750521902145, 5.445746807763235 | AO826: LED140-4S/830 DW50 | AP826: 3000 | AQ826: =IF(ISBLANK(AP826), IFERROR(IF(VLOOKUP(AO826, Ellens_additions!$A$2:$B$252, 2, FALSE) = "", "", VLOOKUP(AO826, Ellens_additions!$A$2:$B$252, 2, FALSE)), 0), AP826) -> 3000
A832: Marathonloop 086 | B832: 4944965 | C832: 5 Woensel-Noord | D832: 51 Ontginning | E832: 511 Driehoeksbos | F832: Marathonloop | H832: 086 | J832: Gemeente Eindhoven | K832: 159667.32 | L832: 387689.11 | N832: LED75-4S/830 DX50 | O832: 2023-11-01 | P832: 2048-12-06 | Q832: led | R832: wit | S832: 59 | T832: 7600 | V832: LED | W832: in30lux 100% - 19:00 | X832: A | Y832: BGP502 | Z832: 2023-11-01 | AA832: 2043-11-01 | AB832: 0 | AE832: ST 10 V-100.S.210 VZ CIL | AF832: 2023-11-01 | AG832: 2063-11-01 | AI832: ST DUBBEL 100x071 | AJ832: 2023-11-01 | AK832: 2053-11-01 | AL832: {"coordinates":[5.454384470403611,51.4782325045135],"type":"Point"} | AM832: 51.4782325045135, 5.454384470403611 | AN832: 51.478232862572284, 5.454385958435121 | AO832: LED75-4S/830 DX50 | AP832: 3000 | AQ832: =IF(ISBLANK(AP832), IFERROR(IF(VLOOKUP(AO832, Ellens_additions!$A$2:$B$252, 2, FALSE) = "", "", VLOOKUP(AO832, Ellens_additions!$A$2:$B$252, 2, FALSE)), 0), AP832) -> 3000
A834: Marathonloop 086 | B834: 4944966 | C834: 5 Woensel-Noord | D834: 51 Ontginning | E834: 511 Driehoeksbos | F834: Marathonloop | H834: 086 | J834: Gemeente Eindhoven | K834: 159667.32 | L834: 387689.11 | N834: LED75-4S/830 DX50 | O834: 2023-11-01 | P834: 2048-12-06 | Q834: led | R834: wit | S834: 59 | T834: 7600 | V834: LED | W834: in30lux 100% - 19:00 | X834: B | Y834: BGP502 | Z834: 2023-11-01 | AA834: 2043-11-01 | AB834: 0 | AE834: ST 10 V-100.S.210 VZ CIL | AF834: 2023-11-01 | AG834: 2063-11-01 | AI834: ST DUBBEL 100x071 | AJ834: 2023-11-01 | AK834: 2053-11-01 | AL834: {"coordinates":[5.454384470403611,51.4782325045135],"type":"Point"} | AM834: 51.4782325045135, 5.454384470403611 | AN834: 51.478232862572284, 5.454385958435121 | AO834: LED75-4S/830 DX50 | AP834: 3000 | AQ834: =IF(ISBLANK(AP834), IFERROR(IF(VLOOKUP(AO834, Ellens_additions!$A$2:$B$252, 2, FALSE) = "", "", VLOOKUP(AO834, Ellens_additions!$A$2:$B$252, 2, FALSE)), 0), AP834) -> 3000
A886: Eindhovenseweg 202 | B886: 4945050 | C886: 5 Woensel-Noord | D886: 54 Dommelbeemd | E886: 545 Esp | F886: Eindhovenseweg | H886: 202 | J886: Gemeente Eindhoven | K886: 162658.19 | L886: 389631.82 | N886: LED34/730 DM10 | O886: 2025-01-27 | P886: 2050-03-06 | S886: 22 | T886: 3300 | V886: LED | W886: in30lux 100% - 19:00 | X886: A | Y886: BGP760 | Z886: 2025-01-27 | AA886: 2050-01-27 | AB886: 0 | AE886: AL 6 NEDAL V.061PT03.6E.000 | AF886: 2025-01-27 | AG886: 2055-01-27 | AI886: AL 0,20 Nedal AU.6.6 | AJ886: 2025-01-27 | AK886: 2055-01-27 | AL886: {"coordinates":[5.49747965256178,51.49566200913625],"type":"Point"} | AM886: 51.49566200913625, 5.49747965256178 | AN886: 51.49566239873169, 5.497481027879047 | AO886: LED34/730 DM10 | AP886: 3000 | AQ886: =IF(ISBLANK(AP886), IFERROR(IF(VLOOKUP(AO886, Ellens_additions!$A$2:$B$252, 2, FALSE) = "", "", VLOOKUP(AO886, Ellens_additions!$A$2:$B$252, 2, FALSE)), 0), AP886) -> 3000
A950: Damocleslaan 006 | B950: 4945142 | C950: 4 Woensel-Zuid | D950: 43 Begijnenbroek | E950: 435 Oude Gracht-Oost | F950: Damocleslaan | H950: 006 | J950: Gemeente Eindhoven | K950: 162737.59 | L950: 386273.8 | M950: 1 | N950: LED35/830 DM70 | O950: 2023-12-01 | P950: 2049-11-09 | Q950: led | S950: 28 | T950: 3400 | V950: LED | W950: in30lux 100% - 19:00 | X950: A | Y950: BGP760 | Z950: 2023-12-01 | AA950: 2048-12-01 | AB950: 0 | AE950: AL 6 NEDAL V.061PT03.6E.000 | AF950: 2023-12-01 | AG950: 2053-12-01 | AI950: AL 0,20 Nedal AU.6.6 | AJ950: 2023-12-01 | AK950: 2053-12-01 | AL950: {"coordinates":[5.498549192393212,51.465476917692456],"type":"Point"} | AM950: 51.465476917692456, 5.498549192393212 | AN950: 51.46547727909817, 5.498550447301647 | AO950: LED35/830 DM70 | AP950: 3000 | AQ950: =IF(ISBLANK(AP950), IFERROR(IF(VLOOKUP(AO950, Ellens_additions!$A$2:$B$252, 2, FALSE) = "", "", VLOOKUP(AO950, Ellens_additions!$A$2:$B$252, 2, FALSE)), 0), AP950) -> 3000
A952: Damocleslaan 008 | B952: 4945144 | C952: 4 Woensel-Zuid | D952: 43 Begijnenbroek | E952: 435 Oude Gracht-Oost | F952: Damocleslaan | H952: 008 | J952: Gemeente Eindhoven | K952: 162776.2 | L952: 386248.45 | M952: 1 | N952: LED35/830 DM70 | O952: 2023-12-01 | P952: 2049-11-09 | Q952: led | S952: 28 | T952: 3400 | V952: LED | W952: in30lux 100% - 19:00 | X952: A | Y952: BGP760 | Z952: 2023-12-01 | AA952: 2048-12-01 | AB952: 0 | AE952: AL 6 NEDAL V.061PT03.6E.000 | AF952: 2023-12-01 | AG952: 2053-12-01 | AI952: AL 0,20 Nedal AU.6.6 | AJ952: 2023-12-01 | AK952: 2053-12-01 | AL952: {"coordinates":[5.499104259437313,51.46524846042459],"type":"Point"} | AM952: 51.46524846042459, 5.499104259437313 | AN952: 51.465248821738825, 5.499105510728663 | AO952: LED35/830 DM70 | AP952: 3000 | AQ952: =IF(ISBLANK(AP952), IFERROR(IF(VLOOKUP(AO952, Ellens_additions!$A$2:$B$252, 2, FALSE) = "", "", VLOOKUP(AO952, Ellens_additions!$A$2:$B$252, 2, FALSE)), 0), AP952) -> 3000
A954: Damocleslaan 011 | B954: 4945146 | C954: 4 Woensel-Zuid | D954: 43 Begijnenbroek | E954: 435 Oude Gracht-Oost | F954: Damocleslaan | H954: 011 | J954: Gemeente Eindhoven | K954: 162812.14 | L954: 386225.29 | M954: 1 | N954: LED35/830 DM70 | O954: 2023-12-01 | P954: 2049-11-09 | Q954: led | S954: 28 | T954: 3400 | V954: LED | W954: in30lux 100% - 19:00 | X954: A | Y954: BGP760 | Z954: 2023-12-01 | AA954: 2048-12-01 | AB954: 0 | AE954: AL 6 NEDAL V.061PT03.6E.000 | AF954: 2023-12-01 | AG954: 2053-12-01 | AI954: AL 0,20 Nedal AU.6.6 | AJ954: 2023-12-01 | AK954: 2053-12-01 | AL954: {"coordinates":[5.4996210042828135,51.46503978557335],"type":"Point"} | AM954: 51.46503978557335, 5.4996210042828135 | AN954: 51.465040146813465, 5.499622252228409 | AO954: LED35/830 DM70 | AP954: 3000 | AQ954: =IF(ISBLANK(AP954), IFERROR(IF(VLOOKUP(AO954, Ellens_additions!$A$2:$B$252, 2, FALSE) = "", "", VLOOKUP(AO954, Ellens_additions!$A$2:$B$252, 2, FALSE)), 0), AP954) -> 3000
A1303: Pixelhof 023 | B1303: 4938488 | C1303: 6 Strijp | D1303: 62 Halve Maan | E1303: 625 Zwaanstraat | F1303: Pixelhof | H1303: 023 | J1303: Gemeente Eindhoven | K1303: 159043.8 | L1303: 384616.92 | M1303: 1 | N1303: GRN10/830 PSDD I DW | O1303: 2019-01-01 | P1303: 2031-08-19 | Q1303: led | S1303: 6.8 | T1303: 800 | V1303: LED | W1303: in30lux 100% - uit30 | X1303: A | Y1303: BDS491 | Z1303: 2019-01-01 | AA1303: 2039-01-01 | AB1303: 0 | AE1303: BB IN/OP/AAN WAND/GEVEL | AF1303: 2019-01-01 | AG1303: 2049-01-01 | AI1303: ZRP450 MBW (Wall Mou | AJ1303: 2019-01-01 | AK1303: 2049-01-01 | AL1303: {"coordinates":[5.445373758794369,51.45062246935221],"type":"Point"} | AM1303: 51.45062246935221, 5.445373758794369 | AN1303: 51.45062279462024, 5.445375118566319 | AO1303: GRN10/830 PSDD I DW | AP1303: 3000 | AQ1303: =IF(ISBLANK(AP1303), IFERROR(IF(VLOOKUP(AO1303, Ellens_additions!$A$2:$B$252, 2, FALSE) = "", "", VLOOKUP(AO1303, Ellens_additions!$A$2:$B$252, 2, FALSE)), 0), AP1303) -> 3000
A1307: Pixelhof 021 | B1307: 4938492 | C1307: 6 Strijp | D1307: 62 Halve Maan | E1307: 625 Zwaanstraat | F1307: Pixelhof | H1307: 021 | J1307: Gemeente Eindhoven | K1307: 159065.33 | L1307: 384627.77 | M1307: 1 | N1307: GRN10/830 PSDD I DW | O1307: 2019-01-01 | P1307: 2031-08-19 | Q1307: led | S1307: 6.8 | T1307: 800 | V1307: LED | W1307: in30lux 100% - uit30 | X1307: A | Y1307: BDS491 | Z1307: 2019-01-01 | AA1307: 2039-01-01 | AB1307: 0 | AE1307: BB IN/OP/AAN WAND/GEVEL | AF1307: 2019-01-01 | AG1307: 2049-01-01 | AI1307: ZRP450 MBW (Wall Mou | AJ1307: 2019-01-01 | AK1307: 2049-01-01 | AL1307: {"coordinates":[5.445683615329678,51.450719840875855],"type":"Point"} | AM1307: 51.450719840875855, 5.445683615329678 | AN1307: 51.450720166376556, 5.445684974925803 | AO1307: GRN10/830 PSDD I DW | AP1307: 3000 | AQ1307: =IF(ISBLANK(AP1307), IFERROR(IF(VLOOKUP(AO1307, Ellens_additions!$A$2:$B$252, 2, FALSE) = "", "", VLOOKUP(AO1307, Ellens_additions!$A$2:$B$252, 2, FALSE)), 0), AP1307) -> 3000
A1317: Achtseweg Noord 225 | B1317: 4938505 | C1317: 6 Strijp | D1317: 62 Halve Maan | E1317: 628 Mispelhoef | F1317: Achtseweg Noord | H1317: 225 | J1317: Gemeente Eindhoven | K1317: 157206.09 | L1317: 386956.07 | N1317: LED6-4S/830 DM11 | O1317: 2024-03-01 | P1317: 2049-04-18 | S1317: 6.9 | T1317: 600 | V1317: LED | W1317: in30lux 100% - 19:00 | X1317: A | Y1317: BGP501 | Z1317: 2024-03-01 | AA1317: 2044-03-01 | AB1317: 0 | AE1317: AL 6 NEDAL V.061PT03.6E.000 | AF1317: 2024-03-01 | AG1317: 2054-03-01 | AI1317: AU.6.6.200.00.0 | AJ1317: 2024-03-01 | AK1317: 2054-03-01 | AL1317: {"coordinates":[5.418950983069389,51.47165850753126],"type":"Point"} | AM1317: 51.47165850753126, 5.418950983069389 | AN1317: 51.47165883012373, 5.418952500402805 | AO1317: LED6-4S/830 DM11 | AP1317: 3000 | AQ1317: =IF(ISBLANK(AP1317), IFERROR(IF(VLOOKUP(AO1317, Ellens_additions!$A$2:$B$252, 2, FALSE) = "", "", VLOOKUP(AO1317, Ellens_additions!$A$2:$B$252, 2, FALSE)), 0), AP1317) -> 3000
A1319: Achtseweg Noord 228 | B1319: 4938507 | C1319: 6 Strijp | D1319: 62 Halve Maan | E1319: 628 Mispelhoef | F1319: Achtseweg Noord | H1319: 228 | J1319: Gemeente Eindhoven | K1319: 157149.94 | L1319: 387028.45 | N1319: LED6-4S/830 DM11 | O1319: 2024-03-01 | P1319: 2049-04-18 | S1319: 6.9 | T1319: 600 | V1319: LED | W1319: in30lux 100% - 19:00 | X1319: A | Y1319: BGP501 | Z1319: 2024-03-01 | AA1319: 2044-03-01 | AB1319: 0 | AE1319: AL 6 NEDAL V.061PT03.6E.000 | AF1319: 2024-03-01 | AG1319: 2054-03-01 | AI1319: AU.6.6.200.00.0 | AJ1319: 2024-03-01 | AK1319: 2054-03-01 | AL1319: {"coordinates":[5.418143305439656,51.4723093430723],"type":"Point"} | AM1319: 51.4723093430723, 5.418143305439656 | AN1319: 51.47230966521785, 5.418144825830935 | AO1319: LED6-4S/830 DM11 | AP1319: 3000 | AQ1319: =IF(ISBLANK(AP1319), IFERROR(IF(VLOOKUP(AO1319, Ellens_additions!$A$2:$B$252, 2, FALSE) = "", "", VLOOKUP(AO1319, Ellens_additions!$A$2:$B$252, 2, FALSE)), 0), AP1319) -> 3000
A1321: Achtseweg Noord 229 | B1321: 4938508 | C1321: 6 Strijp | D1321: 62 Halve Maan | E1321: 628 Mispelhoef | F1321: Achtseweg Noord | H1321: 229 | J1321: Gemeente Eindhoven | K1321: 157126.77 | L1321: 387052.23 | N1321: LED6-4S/830 DM11 | O1321: 2024-03-01 | P1321: 2049-04-18 | S1321: 6.9 | T1321: 600 | V1321: LED | W1321: in30lux 100% - 19:00 | X1321: A | Y1321: BGP501 | Z1321: 2024-03-01 | AA1321: 2044-03-01 | AB1321: 0 | AE1321: AL 6 NEDAL V.061PT03.6E.000 | AF1321: 2024-03-01 | AG1321: 2054-03-01 | AI1321: AU.6.6.200.00.0 | AJ1321: 2024-03-01 | AK1321: 2054-03-01 | AL1321: {"coordinates":[5.417809980588557,51.47252317296097],"type":"Point"} | AM1321: 51.47252317296097, 5.417809980588557 | AN1321: 51.47252349486888, 5.417811501981995 | AO1321: LED6-4S/830 DM11 | AP1321: 3000 | AQ1321: =IF(ISBLANK(AP1321), IFERROR(IF(VLOOKUP(AO1321, Ellens_additions!$A$2:$B$252, 2, FALSE) = "", "", VLOOKUP(AO1321, Ellens_additions!$A$2:$B$252, 2, FALSE)), 0), AP1321) -> 3000
A1323: Achtseweg Noord 231 | B1323: 4938509 | C1323: 6 Strijp | D1323: 62 Halve Maan | E1323: 628 Mispelhoef | F1323: Achtseweg Noord | H1323: 231 | J1323: Gemeente Eindhoven | K1323: 157106.58 | L1323: 387076.77 | N1323: LED6-4S/830 DM11 | O1323: 2024-03-01 | P1323: 2049-04-18 | S1323: 6.9 | T1323: 600 | V1323: LED | W1323: in30lux 100% - 19:00 | X1323: A | Y1323: BGP501 | Z1323: 2024-03-01 | AA1323: 2044-03-01 | AB1323: 0 | AE1323: AL 6 NEDAL V.061PT03.6E.000 | AF1323: 2024-03-01 | AG1323: 2054-03-01 | AI1323: AU.6.6.200.00.0 | AJ1323: 2024-03-01 | AK1323: 2054-03-01 | AL1323: {"coordinates":[5.417519476357645,51.47274384002374],"type":"Point"} | AM1323: 51.47274384002374, 5.417519476357645 | AN1323: 51.47274416174568, 5.417520998770554 | AO1323: LED6-4S/830 DM11 | AP1323: 3000 | AQ1323: =IF(ISBLANK(AP1323), IFERROR(IF(VLOOKUP(AO1323, Ellens_additions!$A$2:$B$252, 2, FALSE) = "", "", VLOOKUP(AO1323, Ellens_additions!$A$2:$B$252, 2, FALSE)), 0), AP1323) -> 3000
A2012: Nuenenseweg 001 | B2012: 4946635 | C2012: 4 Woensel-Zuid | D2012: 43 Begijnenbroek | E2012: 436 Eckartdal | F2012: Nuenenseweg | H2012: 001 | J2012: Gemeente Eindhoven | K2012: 162916.67 | L2012: 386221.09 | M2012: 1 | N2012: LED35/830 DM70 | O2012: 2023-12-01 | P2012: 2049-11-09 | Q2012: led | S2012: 28 | T2012: 3400 | V2012: LED | W2012: in30lux 100% - 19:00 | X2012: A | Y2012: BGP760 | Z2012: 2023-12-01 | AA2012: 2048-12-01 | AB2012: 0 | AE2012: AL 6 NEDAL V.061PT03.6E.000 | AF2012: 2023-12-01 | AG2012: 2053-12-01 | AI2012: AL 0,20 Nedal AU.6.6 | AJ2012: 2023-12-01 | AK2012: 2053-12-01 | AL2012: {"coordinates":[5.501125088344949,51.465000598910564],"type":"Point"} | AM2012: 51.465000598910564, 5.501125088344949 | AN2012: 51.4650009606955, 5.501126329724579 | AO2012: LED35/830 DM70 | AP2012: 3000 | AQ2012: =IF(ISBLANK(AP2012), IFERROR(IF(VLOOKUP(AO2012, Ellens_additions!$A$2:$B$252, 2, FALSE) = "", "", VLOOKUP(AO2012, Ellens_additions!$A$2:$B$252, 2, FALSE)), 0), AP2012) -> 3000
A2523: 't Hofke 014 | B2523: 4940180 | C2523: 3 Tongelre | D2523: 33 Oud-Tongelre | E2523: 335 't Hofke | F2523: 't Hofke | H2523: 014 | J2523: Gemeente Eindhoven | K2523: 164103.67 | L2523: 384483.1 | M2523: 1 | N2523: LED50/830 DM70 | O2523: 2023-05-26 | P2523: 2048-08-02 | Q2523: led | S2523: 38 | T2523: 5000 | U2523: 80 | V2523: LED | W2523: in30lux 100% - 19:00 | X2523: A | Y2523: BGP761 | Z2523: 2023-05-26 | AA2523: 2043-05-26 | AB2523: 0 | AE2523: AL 6 NEDAL V.061PT03.6E.000 | AF2523: 2023-05-26 | AG2523: 2053-05-26 | AI2523: AL ENKEL 1M UE6.1000 | AJ2523: 2023-05-26 | AK2523: 2043-05-26 | AL2523: {"coordinates":[5.518161822875493,51.44936051020596],"type":"Point"} | AM2523: 51.44936051020596, 5.518161822875493 | AN2523: 51.44936085823947, 5.518162908468947 | AO2523: LED50/830 DM70 | AP2523: 3000 | AQ2523: =IF(ISBLANK(AP2523), IFERROR(IF(VLOOKUP(AO2523, Ellens_additions!$A$2:$B$252, 2, FALSE) = "", "", VLOOKUP(AO2523, Ellens_additions!$A$2:$B$252, 2, FALSE)), 0), AP2523) -> 3000
A2525: 't Hofke 017 | B2525: 4940183 | C2525: 3 Tongelre | D2525: 33 Oud-Tongelre | E2525: 335 't Hofke | F2525: 't Hofke | H2525: 017 | J2525: Gemeente Eindhoven | K2525: 164167.34 | L2525: 384509.47 | M2525: 1 | N2525: LED50/830 DM70 | O2525: 2023-05-26 | P2525: 2048-08-02 | Q2525: led | S2525: 38 | T2525: 5000 | U2525: 80 | V2525: LED | W2525: in30lux 100% - 19:00 | X2525: A | Y2525: BGP761 | Z2525: 2023-05-26 | AA2525: 2043-05-26 | AB2525: 0 | AE2525: AL 6 NEDAL V.061PT03.6E.000 | AF2525: 2023-05-26 | AG2525: 2053-05-26 | AI2525: AL ENKEL 1M UE6.1000 | AJ2525: 2023-05-26 | AK2525: 2043-05-26 | AL2525: {"coordinates":[5.519078492956425,51.44959650993298],"type":"Point"} | AM2525: 51.44959650993298, 5.519078492956425 | AN2525: 51.44959685866539, 5.519079576194202 | AO2525: LED50/830 DM70 | AP2525: 3000 | AQ2525: =IF(ISBLANK(AP2525), IFERROR(IF(VLOOKUP(AO2525, Ellens_additions!$A$2:$B$252, 2, FALSE) = "", "", VLOOKUP(AO2525, Ellens_additions!$A$2:$B$252, 2, FALSE)), 0), AP2525) -> 3000
A2527: 't Hofke 019 | B2527: 4940185 | C2527: 3 Tongelre | D2527: 33 Oud-Tongelre | E2527: 335 't Hofke | F2527: 't Hofke | H2527: 019 | J2527: Gemeente Eindhoven | K2527: 164225.03 | L2527: 384519.48 | M2527: 1 | N2527: LED50/830 DM70 | O2527: 2023-05-26 | P2527: 2048-08-02 | Q2527: led | S2527: 38 | T2527: 5000 | U2527: 80 | V2527: LED | W2527: in30lux 100% - 19:00 | X2527: A | Y2527: BGP761 | Z2527: 2023-05-26 | AA2527: 2043-05-26 | AB2527: 0 | AE2527: AL 6 NEDAL V.061PT03.6E.000 | AF2527: 2023-05-26 | AG2527: 2053-05-26 | AI2527: AL ENKEL 1M UE6.1000 | AJ2527: 2023-05-26 | AK2527: 2043-05-26 | AL2527: {"coordinates":[5.519908664002442,51.449685510463304],"type":"Point"} | AM2527: 51.449685510463304, 5.519908664002442 | AN2527: 51.44968585965822, 5.5199097444402385 | AO2527: LED50/830 DM70 | AP2527: 3000 | AQ2527: =IF(ISBLANK(AP2527), IFERROR(IF(VLOOKUP(AO2527, Ellens_additions!$A$2:$B$252, 2, FALSE) = "", "", VLOOKUP(AO2527, Ellens_additions!$A$2:$B$252, 2, FALSE)), 0), AP2527) -> 3000
A2529: 't Hofke 021 | B2529: 4940186 | C2529: 3 Tongelre | D2529: 33 Oud-Tongelre | E2529: 335 't Hofke | F2529: 't Hofke | H2529: 021 | J2529: Gemeente Eindhoven | K2529: 164257.99 | L2529: 384513.48 | M2529: 1 | N2529: LED50/830 DM70 | O2529: 2023-05-26 | P2529: 2048-08-02 | Q2529: led | S2529: 38 | T2529: 5000 | U2529: 80 | V2529: LED | W2529: in30lux 100% - 19:00 | X2529: A | Y2529: BGP761 | Z2529: 2023-05-26 | AA2529: 2043-05-26 | AB2529: 0 | AE2529: AL 6 NEDAL V.061PT03.6E.000 | AF2529: 2023-05-26 | AG2529: 2053-05-26 | AI2529: AL ENKEL 1M UE6.1000 | AJ2529: 2023-05-26 | AK2529: 2043-05-26 | AL2529: {"coordinates":[5.5203826633835975,51.44963101053202],"type":"Point"} | AM2529: 51.44963101053202, 5.5203826633835975 | AN2529: 51.44963135985511, 5.5203837416609 | AO2529: LED50/830 DM70 | AP2529: 3000 | AQ2529: =IF(ISBLANK(AP2529), IFERROR(IF(VLOOKUP(AO2529, Ellens_additions!$A$2:$B$252, 2, FALSE) = "", "", VLOOKUP(AO2529, Ellens_additions!$A$2:$B$252, 2, FALSE)), 0), AP2529) -> 3000
A2531: Loostraat 002 | B2531: 4940190 | C2531: 3 Tongelre | D2531: 33 Oud-Tongelre | E2531: 335 't Hofke | F2531: Loostraat | H2531: 002 | J2531: Gemeente Eindhoven | K2531: 164371.18 | L2531: 384551.23 | N2531: Siteco SL 21 iQ mini | O2531: 2023-07-27 | P2531: 2049-06-10 | Q2531: led | S2531: 12 | T2531: 3724 | U2531: 70 | V2531: LED | W2531: In 30lux 10% - bij b | Y2531: Siteco Streetlight S | Z2531: 2023-07-27 | AA2531: 2048-07-27 | AB2531: 0 | AE2531: ST 5 VDL CCOL 5.0 PTU60-GST133-60-DCC | AF2531: 2023-07-27 | AG2531: 2063-07-27 | AI2531: SL21 mast flange ops | AJ2531: 2023-07-27 | AK2531: 2048-07-27 | AL2531: {"coordinates":[5.522011899939438,51.4499685199002],"type":"Point"} | AM2531: 51.4499685199002, 5.522011899939438 | AN2531: 51.44996887032349, 5.522012973587275 | AO2531: Siteco SL 21 iQ mini | AQ2531: =IF(ISBLANK(AP2531), IFERROR(IF(VLOOKUP(AO2531, Ellens_additions!$A$2:$B$252, 2, FALSE) = "", "", VLOOKUP(AO2531, Ellens_additions!$A$2:$B$252, 2, FALSE)), 0), AP2531) -> 0
A2533: Loostraat 003 | B2533: 4940191 | C2533: 3 Tongelre | D2533: 33 Oud-Tongelre | E2533: 335 't Hofke | F2533: Loostraat | H2533: 003 | J2533: Gemeente Eindhoven | K2533: 164389.47 | L2533: 384562.54 | N2533: Siteco SL 21 iQ mini | O2533: 2023-07-27 | P2533: 2049-06-10 | Q2533: led | S2533: 12 | T2533: 3724 | U2533: 70 | V2533: LED | W2533: In 30lux 10% - bij b | Y2533: Siteco Streetlight S | Z2533: 2023-07-27 | AA2533: 2048-07-27 | AB2533: 0 | AE2533: ST 5 VDL CCOL 5.0 PTU60-GST133-60-DCC | AF2533: 2023-07-27 | AG2533: 2063-07-27 | AI2533: SL21 mast flange ops | AJ2533: 2023-07-27 | AK2533: 2048-07-27 | AL2533: {"coordinates":[5.522275279229896,51.45006985959181],"type":"Point"} | AM2533: 51.45006985959181, 5.522275279229896 | AN2533: 51.45007021024766, 5.522276352378084 | AO2533: Siteco SL 21 iQ mini | AQ2533: =IF(ISBLANK(AP2533), IFERROR(IF(VLOOKUP(AO2533, Ellens_additions!$A$2:$B$252, 2, FALSE) = "", "", VLOOKUP(AO2533, Ellens_additions!$A$2:$B$252, 2, FALSE)), 0), AP2533) -> 0
A2535: Loostraat 004 | B2535: 4940192 | C2535: 3 Tongelre | D2535: 33 Oud-Tongelre | E2535: 335 't Hofke | F2535: Loostraat | H2535: 004 | J2535: Gemeente Eindhoven | K2535: 164415.73 | L2535: 384561.86 | N2535: Siteco SL 21 iQ mini | O2535: 2023-07-27 | P2535: 2049-06-10 | Q2535: led | S2535: 12 | T2535: 3724 | U2535: 70 | V2535: LED | W2535: In 30lux 10% - bij b | Y2535: Siteco Streetlight S | Z2535: 2023-07-27 | AA2535: 2048-07-27 | AB2535: 0 | AE2535: ST 5 VDL CCOL 5.0 PTU60-GST133-60-DCC | AF2535: 2023-07-27 | AG2535: 2063-07-27 | AI2535: SL21 mast flange ops | AJ2535: 2023-07-27 | AK2535: 2048-07-27 | AL2535: {"coordinates":[5.522653049607383,51.45006326911672],"type":"Point"} | AM2535: 51.45006326911672, 5.522653049607383 | AN2535: 51.450063619919284, 5.522654121229628 | AO2535: Siteco SL 21 iQ mini | AQ2535: =IF(ISBLANK(AP2535), IFERROR(IF(VLOOKUP(AO2535, Ellens_additions!$A$2:$B$252, 2, FALSE) = "", "", VLOOKUP(AO2535, Ellens_additions!$A$2:$B$252, 2, FALSE)), 0), AP2535) -> 0
A2537: Loostraat 033 | B2537: 4940195 | C2537: 3 Tongelre | D2537: 33 Oud-Tongelre | E2537: 335 't Hofke | F2537: Loostraat | H2537: 033 | J2537: Gemeente Eindhoven | K2537: 164997.42 | L2537: 384505.23 | N2537: Siteco SL 21 iQ mini | O2537: 2023-07-07 | P2537: 2049-05-19 | Q2537: led | S2537: 12 | T2537: 3724 | U2537: 70 | V2537: LED | W2537: In 30lux 10% - bij b | Y2537: Siteco Streetlight S | Z2537: 2023-07-07 | AA2537: 2048-07-07 | AB2537: 0 | AE2537: ST 5 VDL CCOL 5.0 PTU60-GST133-60-DCC | AF2537: 2023-07-07 | AG2537: 2063-07-07 | AI2537: SL21 mast flange ops | AJ2537: 2023-07-07 | AK2537: 2048-07-07 | AL2537: {"coordinates":[5.5310196447370945,51.44954421034897],"type":"Point"} | AM2537: 51.44954421034897, 5.5310196447370945 | AN2537: 51.44954456357334, 5.531020682201073 | AO2537: Siteco SL 21 iQ mini | AQ2537: =IF(ISBLANK(AP2537), IFERROR(IF(VLOOKUP(AO2537, Ellens_additions!$A$2:$B$252, 2, FALSE) = "", "", VLOOKUP(AO2537, Ellens_additions!$A$2:$B$252, 2, FALSE)), 0), AP2537) -> 0
A2539: Loostraat 034 | B2539: 4940196 | C2539: 3 Tongelre | D2539: 33 Oud-Tongelre | E2539: 335 't Hofke | F2539: Loostraat | H2539: 034 | J2539: Gemeente Eindhoven | K2539: 165024.23 | L2539: 384485.79 | N2539: Siteco SL 21 iQ mini | O2539: 2023-07-07 | P2539: 2049-05-19 | Q2539: led | S2539: 12 | T2539: 3724 | U2539: 70 | V2539: LED | W2539: In 30lux 10% - bij b | Y2539: Siteco Streetlight S | Z2539: 2023-07-07 | AA2539: 2048-07-07 | AB2539: 0 | AE2539: ST 5 VDL CCOL 5.0 PTU60-GST133-60-DCC | AF2539: 2023-07-07 | AG2539: 2063-07-07 | AI2539: SL21 mast flange ops | AJ2539: 2023-07-07 | AK2539: 2048-07-07 | AL2539: {"coordinates":[5.53140470469562,51.449369019801765],"type":"Point"} | AM2539: 51.449369019801765, 5.53140470469562 | AN2539: 51.449369372938364, 5.53140573984706 | AO2539: Siteco SL 21 iQ mini | AQ2539: =IF(ISBLANK(AP2539), IFERROR(IF(VLOOKUP(AO2539, Ellens_additions!$A$2:$B$252, 2, FALSE) = "", "", VLOOKUP(AO2539, Ellens_additions!$A$2:$B$252, 2, FALSE)), 0), AP2539) -> 0
A2541: Loostraat 035 | B2541: 4940199 | C2541: 3 Tongelre | D2541: 33 Oud-Tongelre | E2541: 335 't Hofke | F2541: Loostraat | H2541: 035 | J2541: Gemeente Eindhoven | K2541: 165044.3 | L2541: 384467.27 | N2541: Siteco SL 21 iQ mini | O2541: 2023-07-07 | P2541: 2049-05-19 | Q2541: led | S2541: 12 | T2541: 3724 | U2541: 70 | V2541: LED | W2541: In 30lux 10% - bij b | Y2541: Siteco Streetlight S | Z2541: 2023-07-07 | AA2541: 2048-07-07 | AB2541: 0 | AE2541: ST 5 VDL CCOL 5.0 PTU60-GST133-60-DCC | AF2541: 2023-07-07 | AG2541: 2063-07-07 | AI2541: SL21 mast flange ops | AJ2541: 2023-07-07 | AK2541: 2048-07-07 | AL2541: {"coordinates":[5.531692865029015,51.44920220967948],"type":"Point"} | AM2541: 51.44920220967948, 5.531692865029015 | AN2541: 51.44920256270343, 5.531693898272117 | AO2541: Siteco SL 21 iQ mini | AQ2541: =IF(ISBLANK(AP2541), IFERROR(IF(VLOOKUP(AO2541, Ellens_additions!$A$2:$B$252, 2, FALSE) = "", "", VLOOKUP(AO2541, Ellens_additions!$A$2:$B$252, 2, FALSE)), 0), AP2541) -> 0
A2543: Loostraat 012 | B2543: 4940203 | C2543: 3 Tongelre | D2543: 33 Oud-Tongelre | E2543: 335 't Hofke | F2543: Loostraat | H2543: 012 | J2543: Gemeente Eindhoven | K2543: 164492.31 | L2543: 384586.48 | N2543: Siteco SL 21 iQ mini | O2543: 2023-07-27 | P2543: 2049-06-10 | Q2543: led | S2543: 12 | T2543: 3724 | U2543: 70 | V2543: LED | W2543: In 30lux 10% - bij b | X2543: B | Y2543: Siteco Streetlight S | Z2543: 2023-07-27 | AA2543: 2048-07-27 | AB2543: 0 | AI2543: SL21 mast flange ops | AJ2543: 2023-07-27 | AK2543: 2048-07-27 | AL2543: {"coordinates":[5.5237554697858835,51.450283279573995],"type":"Point"} | AM2543: 51.450283279573995, 5.5237554697858835 | AN2543: 51.450283631089654, 5.5237565382279294 | AO2543: Siteco SL 21 iQ mini | AQ2543: =IF(ISBLANK(AP2543), IFERROR(IF(VLOOKUP(AO2543, Ellens_additions!$A$2:$B$252, 2, FALSE) = "", "", VLOOKUP(AO2543, Ellens_additions!$A$2:$B$252, 2, FALSE)), 0), AP2543) -> 0
A2545: Loostraat 019 | B2545: 4940212 | C2545: 3 Tongelre | D2545: 33 Oud-Tongelre | E2545: 335 't Hofke | F2545: Loostraat | H2545: 019 | J2545: Gemeente Eindhoven | K2545: 164674.32 | L2545: 384617.42 | N2545: Siteco SL 21 iQ mini | O2545: 2023-04-21 | P2545: 2049-03-19 | Q2545: led | S2545: 12 | T2545: 3724 | U2545: 70 | V2545: LED | W2545: In 30lux 10% - bij b | Y2545: Siteco Streetlight S | Z2545: 2023-04-21 | AA2545: 2048-04-21 | AB2545: 0 | AE2545: ST 5 VDL CCOL 5.0 PTU60-GST133-60-DCC | AF2545: 2023-04-21 | AG2545: 2063-04-21 | AI2545: SL21 mast flange ops | AJ2545: 2023-04-21 | AK2545: 2048-04-21 | AL2545: {"coordinates":[5.526374670487558,51.4505583291657],"type":"Point"} | AM2545: 51.4505583291657, 5.526374670487558 | AN2545: 51.45055868198091, 5.526375730447872 | AO2545: Siteco SL 21 iQ mini | AQ2545: =IF(ISBLANK(AP2545), IFERROR(IF(VLOOKUP(AO2545, Ellens_additions!$A$2:$B$252, 2, FALSE) = "", "", VLOOKUP(AO2545, Ellens_additions!$A$2:$B$252, 2, FALSE)), 0), AP2545) -> 0
A2547: Loostraat 036 | B2547: 4940213 | C2547: 3 Tongelre | D2547: 33 Oud-Tongelre | E2547: 335 't Hofke | F2547: Loostraat | H2547: 036 | J2547: Gemeente Eindhoven | K2547: 165063.71 | L2547: 384449.17 | N2547: Siteco SL 21 iQ mini | O2547: 2023-07-07 | P2547: 2049-05-19 | Q2547: led | S2547: 12 | T2547: 3724 | U2547: 70 | V2547: LED | W2547: In 30lux 10% - bij b | Y2547: Siteco Streetlight S | Z2547: 2023-07-07 | AA2547: 2048-07-07 | AB2547: 0 | AE2547: ST 5 VDL CCOL 5.0 PTU60-GST133-60-DCC | AF2547: 2023-07-07 | AG2547: 2063-07-07 | AI2547: SL21 mast flange ops | AJ2547: 2023-07-07 | AK2547: 2048-07-07 | AL2547: {"coordinates":[5.531971585252434,51.44903914984683],"type":"Point"} | AM2547: 51.44903914984683, 5.531971585252434 | AN2547: 51.44903950277223, 5.53197261666351 | AO2547: Siteco SL 21 iQ mini | AQ2547: =IF(ISBLANK(AP2547), IFERROR(IF(VLOOKUP(AO2547, Ellens_additions!$A$2:$B$252, 2, FALSE) = "", "", VLOOKUP(AO2547, Ellens_additions!$A$2:$B$252, 2, FALSE)), 0), AP2547) -> 0
A2549: Loostraat 026 | B2549: 4940219 | C2549: 3 Tongelre | D2549: 33 Oud-Tongelre | E2549: 335 't Hofke | F2549: Loostraat | H2549: 026 | J2549: Gemeente Eindhoven | K2549: 164866.87 | L2549: 384584.01 | N2549: Siteco SL 21 iQ mini | O2549: 2023-07-11 | P2549: 2049-05-23 | Q2549: led | S2549: 12 | T2549: 3724 | U2549: 70 | V2549: LED | W2549: In 30lux 10% - bij b | Y2549: Siteco Streetlight S | Z2549: 2023-07-11 | AA2549: 2048-07-11 | AB2549: 0 | AE2549: ST 5 VDL CCOL 5.0 PTU60-GST133-60-DCC | AF2549: 2023-07-11 | AG2549: 2063-07-11 | AI2549: SL21 mast flange ops | AJ2549: 2023-07-11 | AK2549: 2048-07-11 | AL2549: {"coordinates":[5.529143710320135,51.4502546698412],"type":"Point"} | AM2549: 51.4502546698412, 5.529143710320135 | AN2549: 51.45025502328755, 5.529144758380783 | AO2549: Siteco SL 21 iQ mini | AQ2549: =IF(ISBLANK(AP2549), IFERROR(IF(VLOOKUP(AO2549, Ellens_additions!$A$2:$B$252, 2, FALSE) = "", "", VLOOKUP(AO2549, Ellens_additions!$A$2:$B$252, 2, FALSE)), 0), AP2549) -> 0
A2551: Loostraat 027 | B2551: 4940220 | C2551: 3 Tongelre | D2551: 33 Oud-Tongelre | E2551: 335 't Hofke | F2551: Loostraat | H2551: 027 | J2551: Gemeente Eindhoven | K2551: 164890.27 | L2551: 384574.93 | N2551: Siteco SL 21 iQ mini | O2551: 2023-07-11 | P2551: 2049-05-23 | Q2551: led | S2551: 12 | T2551: 3724 | U2551: 70 | V2551: LED | W2551: In 30lux 10% - bij b | Y2551: Siteco Streetlight S | Z2551: 2023-07-11 | AA2551: 2048-07-11 | AB2551: 0 | AE2551: ST 5 VDL CCOL 5.0 PTU60-GST133-60-DCC | AF2551: 2023-07-11 | AG2551: 2063-07-11 | AI2551: SL21 mast flange ops | AJ2551: 2023-07-11 | AK2551: 2048-07-11 | AL2551: {"coordinates":[5.529480070217448,51.450172659517676],"type":"Point"} | AM2551: 51.450172659517676, 5.529480070217448 | AN2551: 51.450173012983456, 5.529481116604535 | AO2551: Siteco SL 21 iQ mini | AQ2551: =IF(ISBLANK(AP2551), IFERROR(IF(VLOOKUP(AO2551, Ellens_additions!$A$2:$B$252, 2, FALSE) = "", "", VLOOKUP(AO2551, Ellens_additions!$A$2:$B$252, 2, FALSE)), 0), AP2551) -> 0
A2553: Loostraat 029 | B2553: 4940222 | C2553: 3 Tongelre | D2553: 33 Oud-Tongelre | E2553: 335 't Hofke | F2553: Loostraat | H2553: 029 | J2553: Gemeente Eindhoven | K2553: 164935.29 | L2553: 384544.63 | N2553: Siteco SL 21 iQ mini | O2553: 2023-07-25 | P2553: 2049-06-07 | Q2553: led | S2553: 12 | T2553: 3724 | U2553: 70 | V2553: LED | W2553: In 30lux 10% - bij b | Y2553: Siteco Streetlight S | Z2553: 2023-07-25 | AA2553: 2048-07-25 | AB2553: 0 | AE2553: ST 5 VDL CCOL 5.0 PTU60-GST133-60-DCC | AF2553: 2023-07-25 | AG2553: 2063-07-25 | AI2553: SL21 mast flange ops | AJ2553: 2023-07-25 | AK2553: 2048-07-25 | AL2553: {"coordinates":[5.530126999771202,51.44989949929153],"type":"Point"} | AM2553: 51.44989949929153, 5.530126999771202 | AN2553: 51.449899852647974, 5.530128042354014 | AO2553: Siteco SL 21 iQ mini | AQ2553: =IF(ISBLANK(AP2553), IFERROR(IF(VLOOKUP(AO2553, Ellens_additions!$A$2:$B$252, 2, FALSE) = "", "", VLOOKUP(AO2553, Ellens_additions!$A$2:$B$252, 2, FALSE)), 0), AP2553) -> 0
A2555: Willem van Konijnenburglaan 007 | B2555: 4940226 | C2555: 3 Tongelre | D2555: 31 De Laak | E2555: 312 Lakerlopen | F2555: Willem van Konijnenburglaan | H2555: 007 | J2555: Gemeente Eindhoven | K2555: 162570.01 | L2555: 383195.25 | N2555: LED84/730 DM70 | O2555: 2024-06-06 | P2555: 2049-02-20 | S2555: 55 | T2555: 8000 | U2555: 70 | V2555: LED | W2555: in40lux 70% - 19:00 | Y2555: BGP761 | Z2555: 2024-06-06 | AA2555: 2044-06-06 | AB2555: 0 | AE2555: ST 9 STANDAARD VZ | AF2555: 1993-12-07 | AG2555: 2033-12-07 | AI2555: ST ENKEL 1 M LOS VZ | AJ2555: 1993-12-07 | AK2555: 2033-12-07 | AL2555: {"coordinates":[5.49607147750637,51.43780716762257],"type":"Point"} | AM2555: 51.43780716762257, 5.49607147750637 | AN2555: 51.43780749500934, 5.496072581642581 | AO2555: LED84/730 DM70 | AP2555: 3000 | AQ2555: =IF(ISBLANK(AP2555), IFERROR(IF(VLOOKUP(AO2555, Ellens_additions!$A$2:$B$252, 2, FALSE) = "", "", VLOOKUP(AO2555, Ellens_additions!$A$2:$B$252, 2, FALSE)), 0), AP2555) -> 3000
A2559: Willem van Konijnenburglaan 008 | B2559: 4940231 | C2559: 3 Tongelre | D2559: 31 De Laak | E2559: 312 Lakerlopen | F2559: Willem van Konijnenburglaan | H2559: 008 | J2559: Gemeente Eindhoven | K2559: 162592.52 | L2559: 383184.69 | N2559: LED84/730 DM70 | O2559: 2024-02-14 | P2559: 2048-12-08 | S2559: 55 | T2559: 8000 | U2559: 70 | V2559: LED | W2559: in40lux 70% - 19:00 | Y2559: BGP761 | Z2559: 2024-02-14 | AA2559: 2044-02-14 | AB2559: 0 | AE2559: ST 9 V-100.Q.143/G VZ CIL | AF2559: 2024-02-14 | AG2559: 2064-02-14 | AI2559: ST ENKEL 100x070 | AJ2559: 2024-02-14 | AK2559: 2054-02-14 | AL2559: {"coordinates":[5.496394989201941,51.43771194433464],"type":"Point"} | AM2559: 51.43771194433464, 5.496394989201941 | AN2559: 51.437712271679636, 5.49639609151349 | AO2559: LED84/730 DM70 | AP2559: 3000 | AQ2559: =IF(ISBLANK(AP2559), IFERROR(IF(VLOOKUP(AO2559, Ellens_additions!$A$2:$B$252, 2, FALSE) = "", "", VLOOKUP(AO2559, Ellens_additions!$A$2:$B$252, 2, FALSE)), 0), AP2559) -> 3000
A2583: Ruysdaelbaan 010 | B2583: 4940267 | C2583: 3 Tongelre | D2583: 31 De Laak | E2583: 312 Lakerlopen | F2583: Ruysdaelbaan | H2583: 010 | J2583: Gemeente Eindhoven | K2583: 162652.92 | L2583: 383176.32 | N2583: LED20/730 DM70 | O2583: 2024-07-01 | P2583: 2049-09-05 | S2583: 15 | T2583: 1950 | U2583: 70 | V2583: LED | W2583: in30lux 70% - 19:00 | Y2583: BGP760 | Z2583: 2024-07-01 | AA2583: 2049-07-01 | AB2583: 0 | AE2583: AL 6 NEDAL V.061PT03.6E.000 | AF2583: 2024-07-01 | AG2583: 2054-07-01 | AI2583: AL ENKEL UE6.1000.05 | AJ2583: 2024-07-01 | AK2583: 2044-07-01 | AL2583: {"coordinates":[5.497263486278669,51.4376359311022],"type":"Point"} | AM2583: 51.4376359311022, 5.497263486278669 | AN2583: 51.437636258543876, 5.497264584687268 | AO2583: LED20/730 DM70 | AP2583: 3000 | AQ2583: =IF(ISBLANK(AP2583), IFERROR(IF(VLOOKUP(AO2583, Ellens_additions!$A$2:$B$252, 2, FALSE) = "", "", VLOOKUP(AO2583, Ellens_additions!$A$2:$B$252, 2, FALSE)), 0), AP2583) -> 3000
A3227: Winston Churchilllaan 106 | B3227: 4947680 | C3227: 4 Woensel-Zuid | D3227: 43 Begijnenbroek | E3227: 431 Generalenbuurt | F3227: Winston Churchilllaan | H3227: 106 | J3227: Gemeente Eindhoven | K3227: 161405.3 | L3227: 386500.73 | M3227: 1 | N3227: GRN107-2S/740 CLO DW | O3227: 2013-04-26 | Q3227: led | R3227: wit | S3227: 81 | T3227: 10700 | V3227: LED | W3227: in30lux 100% - 19:00 | X3227: B | Y3227: BGP353 | Z3227: 2013-04-26 | AA3227: 2033-04-26 | AB3227: 100 | AE3227: ST 10 V-100.S.210 VZ CIL | AF3227: 2013-04-26 | AG3227: 2053-04-26 | AI3227: ST DUBBEL 100x163/a | AJ3227: 2013-04-26 | AK3227: 2013-04-26 | AL3227: {"coordinates":[5.47938064691379,51.46753342512609],"type":"Point"} | AM3227: 51.46753342512609, 5.47938064691379 | AN3227: 51.46753378247164, 5.479381992979183 | AO3227: GRN107-2S/740 CLO DW | AP3227: 4000 | AQ3227: =IF(ISBLANK(AP3227), IFERROR(IF(VLOOKUP(AO3227, Ellens_additions!$A$2:$B$252, 2, FALSE) = "", "", VLOOKUP(AO3227, Ellens_additions!$A$2:$B$252, 2, FALSE)), 0), AP3227) -> 4000
A3287: Damocleslaan 017 | B3287: 4947727 | C3287: 4 Woensel-Zuid | D3287: 43 Begijnenbroek | E3287: 435 Oude Gracht-Oost | F3287: Damocleslaan | H3287: 017 | J3287: Gemeente Eindhoven | K3287: 162900.02 | L3287: 386215.57 | M3287: 1 | N3287: LED35/830 DM70 | O3287: 2023-12-01 | P3287: 2049-11-09 | Q3287: led | S3287: 28 | T3287: 3400 | V3287: LED | W3287: in30lux 100% - 19:00 | X3287: A | Y3287: BGP760 | Z3287: 2023-12-01 | AA3287: 2048-12-01 | AB3287: 0 | AE3287: AL 6 NEDAL V.061PT03.6E.000 | AF3287: 2023-12-01 | AG3287: 2053-12-01 | AI3287: AL 0,20 Nedal AU.6.6 | AJ3287: 2023-12-01 | AK3287: 2053-12-01 | AL3287: {"coordinates":[5.500885361131142,51.46495121571638],"type":"Point"} | AM3287: 51.46495121571638, 5.500885361131142 | AN3287: 51.46495157734911, 5.500886603244974 | AO3287: LED35/830 DM70 | AP3287: 3000 | AQ3287: =IF(ISBLANK(AP3287), IFERROR(IF(VLOOKUP(AO3287, Ellens_additions!$A$2:$B$252, 2, FALSE) = "", "", VLOOKUP(AO3287, Ellens_additions!$A$2:$B$252, 2, FALSE)), 0), AP3287) -> 3000
A3657: Lichtstraat 011 | B3657: 4892921 | C3657: 1 Centrum | D3657: 11 Centrum | E3657: 113 Witte Dame | F3657: Lichtstraat | H3657: 011 | J3657: Gemeente Eindhoven | K3657: 160882.57 | L3657: 383292.28 | M3657: 1 | N3657: PL-C 18W 830 2P (MAS | O3657: 2018-09-12 | P3657: 2021-01-27 | Q3657: pl | S3657: 18 | T3657: 1200 | V3657: GX24d-2 | W3657: in40lux 100% - uit40 | X3657: A | Y3657: Thorn CHARTOR 18W TC | Z3657: 2018-09-12 | AA3657: 2048-09-12 | AB3657: 120 | AC3657: 1 | AE3657: AL 0,81 Bolder | AF3657: 2018-09-12 | AG3657: 2048-09-12 | AL3657: {"coordinates":[5.471804329471632,51.43869954707897],"type":"Point"} | AM3657: 51.43869954707897, 5.471804329471632 | AN3657: 51.438699869333554, 5.47180552970363 | AO3657: PL-C 18W 830 2P (MAS | AP3657: 3000 | AQ3657: =IF(ISBLANK(AP3657), IFERROR(IF(VLOOKUP(AO3657, Ellens_additions!$A$2:$B$252, 2, FALSE) = "", "", VLOOKUP(AO3657, Ellens_additions!$A$2:$B$252, 2, FALSE)), 0), AP3657) -> 3000
A3659: Lichtstraat 012 | B3659: 4892922 | C3659: 1 Centrum | D3659: 11 Centrum | E3659: 113 Witte Dame | F3659: Lichtstraat | H3659: 012 | J3659: Gemeente Eindhoven | K3659: 160886.14 | L3659: 383301.94 | M3659: 1 | N3659: Thorn D-CO bolder 30 | O3659: 2023-03-14 | P3659: 2035-09-11 | Q3659: led | S3659: 14 | T3659: 507 | V3659: LED | W3659: in40lux 100% - uit40 | X3659: A | Y3659: Thorn D-CO LED Bolla | Z3659: 2023-03-14 | AA3659: 2053-03-14 | AB3659: 120 | AC3659: 1 | AE3659: AL 1 mtr Bolder | AF3659: 2023-03-14 | AG3659: 2053-03-14 | AL3659: {"coordinates":[5.471855835346976,51.43878632222696],"type":"Point"} | AM3659: 51.43878632222696, 5.471855835346976 | AN3659: 51.438786644576545, 5.471857035891221 | AO3659: Thorn D-CO bolder 30 | AQ3659: =IF(ISBLANK(AP3659), IFERROR(IF(VLOOKUP(AO3659, Ellens_additions!$A$2:$B$252, 2, FALSE) = "", "", VLOOKUP(AO3659, Ellens_additions!$A$2:$B$252, 2, FALSE)), 0), AP3659) -> 0
A3661: Lichtstraat 015 | B3661: 4892924 | C3661: 1 Centrum | D3661: 11 Centrum | E3661: 113 Witte Dame | F3661: Lichtstraat | H3661: 015 | J3661: Gemeente Eindhoven | K3661: 160896.43 | L3661: 383334.07 | M3661: 1 | N3661: PLT-X32 W | O3661: 2023-11-06 | P3661: 2028-10-21 | Q3661: pl | R3661: wit | S3661: 32 | T3661: 2400 | V3661: G24q-3 | W3661: in40lux 100% - uit40 | X3661: A | Y3661: GGP 144 LOUVRE POSTT | Z3661: 2004-01-01 | AA3661: 2034-01-01 | AB3661: 120 | AC3661: 1 | AE3661: AL 1,2 VERONA HGP 142 | AF3661: 2004-01-01 | AG3661: 2034-01-01 | AL3661: {"coordinates":[5.472004308681709,51.43907498423169],"type":"Point"} | AM3661: 51.43907498423169, 5.472004308681709 | AN3661: 51.43907530689114, 5.472005510346897 | AO3661: PLT-X32 W | AQ3661: =IF(ISBLANK(AP3661), IFERROR(IF(VLOOKUP(AO3661, Ellens_additions!$A$2:$B$252, 2, FALSE) = "", "", VLOOKUP(AO3661, Ellens_additions!$A$2:$B$252, 2, FALSE)), 0), AP3661) -> 3000
A3663: Lichtstraat 017 | B3663: 4892926 | C3663: 1 Centrum | D3663: 11 Centrum | E3663: 113 Witte Dame | F3663: Lichtstraat | H3663: 017 | J3663: Gemeente Eindhoven | K3663: 160903.14 | L3663: 383354.02 | M3663: 1 | N3663: PLT-X32 W | O3663: 2017-07-18 | P3663: 2022-06-19 | Q3663: pl | R3663: wit | S3663: 32 | T3663: 2400 | V3663: G24q-3 | W3663: in40lux 100% - uit40 | X3663: A | Y3663: GGP 144 LOUVRE POSTT | Z3663: 2004-01-01 | AA3663: 2034-01-01 | AB3663: 120 | AC3663: 1 | AE3663: AL 1,2 VERONA HGP 142 | AF3663: 2004-01-01 | AG3663: 2034-01-01 | AL3663: {"coordinates":[5.472101263380303,51.43925420160663],"type":"Point"} | AM3663: 51.43925420160663, 5.472101263380303 | AN3663: 51.4392545244598, 5.47210246572319 | AO3663: PLT-X32 W | AQ3663: =IF(ISBLANK(AP3663), IFERROR(IF(VLOOKUP(AO3663, Ellens_additions!$A$2:$B$252, 2, FALSE) = "", "", VLOOKUP(AO3663, Ellens_additions!$A$2:$B$252, 2, FALSE)), 0), AP3663) -> 3000
A3667: Lichtstraat 019 | B3667: 4892928 | C3667: 1 Centrum | D3667: 11 Centrum | E3667: 113 Witte Dame | F3667: Lichtstraat | H3667: 019 | J3667: Gemeente Eindhoven | K3667: 160909.48 | L3667: 383372.87 | M3667: 1 | N3667: PLT-X32 W | O3667: 2023-02-15 | P3667: 2028-01-30 | Q3667: pl | R3667: wit | S3667: 32 | T3667: 2400 | V3667: G24q-3 | W3667: in40lux 100% - uit40 | X3667: A | Y3667: GGP 144 LOUVRE POSTT | Z3667: 2004-01-01 | AA3667: 2034-01-01 | AB3667: 120 | AC3667: 1 | AE3667: AL 0,81 Bolder | AF3667: 2023-08-16 | AG3667: 2053-08-16 | AL3667: {"coordinates":[5.472192735162802,51.439423589295856],"type":"Point"} | AM3667: 51.439423589295856, 5.472192735162802 | AN3667: 51.439423912332146, 5.472193938146195 | AO3667: PLT-X32 W | AQ3667: =IF(ISBLANK(AP3667), IFERROR(IF(VLOOKUP(AO3667, Ellens_additions!$A$2:$B$252, 2, FALSE) = "", "", VLOOKUP(AO3667, Ellens_additions!$A$2:$B$252, 2, FALSE)), 0), AP3667) -> 3000
A3863: Clausplein 4-36 | B3863: 4893255 | C3863: 1 Centrum | D3863: 11 Centrum | E3863: 113 Witte Dame | F3863: Clausplein | H3863: 4-36 | J3863: Gemeente Eindhoven | K3863: 160995.49 | L3863: 383301 | M3863: 1 | N3863: ColorGraze MX4 Power | O3863: 2019-10-01 | P3863: 2037-01-01 | Q3863: led | S3863: 37 | T3863: 13210 | V3863: LED | W3863: in40lux 100% - uit40 | X3863: A | Y3863: Philips ColorGraze M | Z3863: 2019-10-01 | AA3863: 2039-10-01 | AB3863: 0 | AE3863: Graze Inground Enclosure | AF3863: 2019-10-01 | AG3863: 2049-10-01 | AL3863: {"coordinates":[5.47342851145891,51.438776691418326],"type":"Point"} | AM3863: 51.438776691418326, 5.47342851145891 | AN3863: 51.43877701419458, 5.4734297062134765 | AO3863: ColorGraze MX4 Power | AQ3863: =IF(ISBLANK(AP3863), IFERROR(IF(VLOOKUP(AO3863, Ellens_additions!$A$2:$B$252, 2, FALSE) = "", "", VLOOKUP(AO3863, Ellens_additions!$A$2:$B$252, 2, FALSE)), 0), AP3863)
A3865: Clausplein 4-34 | B3865: 4893257 | C3865: 1 Centrum | D3865: 11 Centrum | E3865: 113 Witte Dame | F3865: Clausplein | H3865: 4-34 | J3865: Gemeente Eindhoven | K3865: 160999.67 | L3865: 383314.15 | M3865: 1 | N3865: ColorGraze MX4 Power | O3865: 2019-10-01 | P3865: 2037-01-01 | Q3865: led | S3865: 37 | T3865: 13210 | V3865: LED | W3865: in40lux 100% - uit40 | X3865: A | Y3865: Philips ColorGraze M | Z3865: 2019-10-01 | AA3865: 2039-10-01 | AB3865: 0 | AE3865: Graze Inground Enclosure | AF3865: 2019-10-01 | AG3865: 2049-10-01 | AL3865: {"coordinates":[5.473488853118579,51.43889484774487],"type":"Point"} | AM3865: 51.43889484774487, 5.473488853118579 | AN3865: 51.438895170648095, 5.473490048330117 | AO3865: ColorGraze MX4 Power | AQ3865: =IF(ISBLANK(AP3865), IFERROR(IF(VLOOKUP(AO3865, Ellens_additions!$A$2:$B$252, 2, FALSE) = "", "", VLOOKUP(AO3865, Ellens_additions!$A$2:$B$252, 2, FALSE)), 0), AP3865)
A3867: Clausplein 4-30 | B3867: 4893261 | C3867: 1 Centrum | D3867: 11 Centrum | E3867: 113 Witte Dame | F3867: Clausplein | H3867: 4-30 | J3867: Gemeente Eindhoven | K3867: 161022.72 | L3867: 383320.59 | M3867: 1 | N3867: ColorGraze MX4 Power | O3867: 2019-10-01 | P3867: 2037-01-01 | Q3867: led | S3867: 37 | T3867: 13210 | V3867: LED | W3867: in40lux 100% - uit40 | X3867: A | Y3867: Philips ColorGraze M | Z3867: 2019-10-01 | AA3867: 2039-10-01 | AB3867: 0 | AE3867: Graze Inground Enclosure | AF3867: 2019-10-01 | AG3867: 2049-10-01 | AL3867: {"coordinates":[5.473820476261517,51.43895248847622],"type":"Point"} | AM3867: 51.43895248847622, 5.473820476261517 | AN3867: 51.438952811525525, 5.473821670593097 | AO3867: ColorGraze MX4 Power | AQ3867: =IF(ISBLANK(AP3867), IFERROR(IF(VLOOKUP(AO3867, Ellens_additions!$A$2:$B$252, 2, FALSE) = "", "", VLOOKUP(AO3867, Ellens_additions!$A$2:$B$252, 2, FALSE)), 0), AP3867)
A3869: Clausplein 4-28 | B3869: 4893263 | C3869: 1 Centrum | D3869: 11 Centrum | E3869: 113 Witte Dame | F3869: Clausplein | H3869: 4-28 | J3869: Gemeente Eindhoven | K3869: 161036.5 | L3869: 383316.16 | M3869: 1 | N3869: ColorGraze MX4 Power | O3869: 2019-10-01 | P3869: 2037-01-01 | Q3869: led | S3869: 37 | T3869: 13210 | V3869: LED | W3869: in40lux 100% - uit40 | X3869: A | Y3869: Philips ColorGraze M | Z3869: 2019-10-01 | AA3869: 2039-10-01 | AB3869: 0 | AE3869: Graze Inground Enclosure | AF3869: 2021-09-20 | AG3869: 2051-09-20 | AL3869: {"coordinates":[5.474018589544809,51.43891252105365],"type":"Point"} | AM3869: 51.43891252105365, 5.474018589544809 | AN3869: 51.438912844120864, 5.474019782924737 | AO3869: ColorGraze MX4 Power | AQ3869: =IF(ISBLANK(AP3869), IFERROR(IF(VLOOKUP(AO3869, Ellens_additions!$A$2:$B$252, 2, FALSE) = "", "", VLOOKUP(AO3869, Ellens_additions!$A$2:$B$252, 2, FALSE)), 0), AP3869)
A3871: Clausplein 3-26 | B3871: 4893265 | C3871: 1 Centrum | D3871: 11 Centrum | E3871: 113 Witte Dame | F3871: Clausplein | H3871: 3-26 | J3871: Gemeente Eindhoven | K3871: 161049.83 | L3871: 383312.08 | M3871: 1 | N3871: ColorGraze MX4 Power | O3871: 2019-10-01 | P3871: 2037-01-01 | Q3871: led | S3871: 37 | T3871: 13210 | V3871: LED | W3871: in40lux 100% - uit40 | X3871: A | Y3871: Philips ColorGraze M | Z3871: 2019-10-01 | AA3871: 2039-10-01 | AB3871: 0 | AE3871: Graze Inground Enclosure | AF3871: 2019-10-01 | AG3871: 2049-10-01 | AL3871: {"coordinates":[5.474210236425344,51.43887570416376],"type":"Point"} | AM3871: 51.43887570416376, 5.474210236425344 | AN3871: 51.438876027250146, 5.474211428895568 | AO3871: ColorGraze MX4 Power | AQ3871: =IF(ISBLANK(AP3871), IFERROR(IF(VLOOKUP(AO3871, Ellens_additions!$A$2:$B$252, 2, FALSE) = "", "", VLOOKUP(AO3871, Ellens_additions!$A$2:$B$252, 2, FALSE)), 0), AP3871)
A3873: Clausplein 3-24 | B3873: 4893267 | C3873: 1 Centrum | D3873: 11 Centrum | E3873: 113 Witte Dame | F3873: Clausplein | H3873: 3-24 | J3873: Gemeente Eindhoven | K3873: 161063.94 | L3873: 383307.33 | M3873: 1 | N3873: ColorGraze MX4 Power | O3873: 2019-10-01 | P3873: 2037-01-01 | Q3873: led | S3873: 37 | T3873: 13210 | V3873: LED | W3873: in40lux 100% - uit40 | X3873: A | Y3873: Philips ColorGraze M | Z3873: 2019-10-01 | AA3873: 2039-10-01 | AB3873: 0 | AE3873: Graze Inground Enclosure | AF3873: 2019-10-01 | AG3873: 2049-10-01 | AL3873: {"coordinates":[5.474413089702944,51.43883285615193],"type":"Point"} | AM3873: 51.43883285615193, 5.474413089702944 | AN3873: 51.4388331792549, 5.474414281188345 | AO3873: ColorGraze MX4 Power | AQ3873: =IF(ISBLANK(AP3873), IFERROR(IF(VLOOKUP(AO3873, Ellens_additions!$A$2:$B$252, 2, FALSE) = "", "", VLOOKUP(AO3873, Ellens_additions!$A$2:$B$252, 2, FALSE)), 0), AP3873)
A3875: Emmasingel 3-22 | B3875: 4893269 | C3875: 1 Centrum | D3875: 11 Centrum | E3875: 113 Witte Dame | F3875: Emmasingel | H3875: 3-22 | J3875: Gemeente Eindhoven | K3875: 161069.81 | L3875: 383307.42 | M3875: 1 | N3875: ColorGraze MX4 Power | O3875: 2019-10-01 | P3875: 2037-01-01 | Q3875: led | S3875: 37 | T3875: 13210 | V3875: LED | W3875: in40lux 100% - uit40 | X3875: A | Y3875: Philips ColorGraze M | Z3875: 2019-10-01 | AA3875: 2039-10-01 | AB3875: 0 | AE3875: Graze Inground Enclosure | AF3875: 2019-10-01 | AG3875: 2049-10-01 | AL3875: {"coordinates":[5.4744975155440665,51.43883360184382],"type":"Point"} | AM3875: 51.43883360184382, 5.4744975155440665 | AN3875: 51.43883392497101, 5.474498706725839 | AO3875: ColorGraze MX4 Power | AQ3875: =IF(ISBLANK(AP3875), IFERROR(IF(VLOOKUP(AO3875, Ellens_additions!$A$2:$B$252, 2, FALSE) = "", "", VLOOKUP(AO3875, Ellens_additions!$A$2:$B$252, 2, FALSE)), 0), AP3875)
A3877: Emmasingel 3-20 | B3877: 4893271 | C3877: 1 Centrum | D3877: 11 Centrum | E3877: 113 Witte Dame | F3877: Emmasingel | H3877: 3-20 | J3877: Gemeente Eindhoven | K3877: 161075.84 | L3877: 383320.48 | M3877: 1 | N3877: ColorGraze MX4 Power | O3877: 2019-10-01 | P3877: 2037-01-01 | Q3877: led | S3877: 37 | T3877: 13210 | V3877: LED | W3877: in40lux 100% - 19:00 | X3877: A | Y3877: Philips ColorGraze M | Z3877: 2019-10-01 | AA3877: 2039-10-01 | AB3877: 0 | AE3877: Graze Inground Enclosure | AF3877: 2019-10-01 | AG3877: 2049-10-01 | AL3877: {"coordinates":[5.4745844658876965,51.438950928664696],"type":"Point"} | AM3877: 51.438950928664696, 5.4745844658876965 | AN3877: 51.43895125192559, 5.474585657422979 | AO3877: ColorGraze MX4 Power | AQ3877: =IF(ISBLANK(AP3877), IFERROR(IF(VLOOKUP(AO3877, Ellens_additions!$A$2:$B$252, 2, FALSE) = "", "", VLOOKUP(AO3877, Ellens_additions!$A$2:$B$252, 2, FALSE)), 0), AP3877)
A3879: Emmasingel 2-16 | B3879: 4893275 | C3879: 1 Centrum | D3879: 11 Centrum | E3879: 113 Witte Dame | F3879: Emmasingel | H3879: 2-16 | J3879: Gemeente Eindhoven | K3879: 161081.82 | L3879: 383347.63 | M3879: 1 | N3879: ColorGraze MX4 Power | O3879: 2019-10-01 | P3879: 2037-01-01 | Q3879: led | S3879: 37 | T3879: 13210 | V3879: LED | W3879: in40lux 100% - uit40 | X3879: A | Y3879: Philips ColorGraze M | Z3879: 2019-10-01 | AA3879: 2039-10-01 | AB3879: 0 | AE3879: Graze Inground Enclosure | AF3879: 2019-10-01 | AG3879: 2049-10-01 | AL3879: {"coordinates":[5.474670940412444,51.439194906174905],"type":"Point"} | AM3879: 51.439194906174905, 5.474670940412444 | AN3879: 51.43919522968723, 5.474672133026732 | AO3879: ColorGraze MX4 Power | AQ3879: =IF(ISBLANK(AP3879), IFERROR(IF(VLOOKUP(AO3879, Ellens_additions!$A$2:$B$252, 2, FALSE) = "", "", VLOOKUP(AO3879, Ellens_additions!$A$2:$B$252, 2, FALSE)), 0), AP3879)
A3881: Emmasingel 2-12 | B3881: 4893279 | C3881: 1 Centrum | D3881: 11 Centrum | E3881: 113 Witte Dame | F3881: Emmasingel | H3881: 2-12 | J3881: Gemeente Eindhoven | K3881: 161090.97 | L3881: 383374.92 | M3881: 1 | N3881: ColorGraze MX4 Power | O3881: 2019-10-01 | P3881: 2037-01-01 | Q3881: led | S3881: 37 | T3881: 13210 | V3881: LED | W3881: in40lux 100% - uit40 | X3881: A | Y3881: Philips ColorGraze M | Z3881: 2019-10-01 | AA3881: 2039-10-01 | AB3881: 0 | AE3881: Graze Inground Enclosure | AF3881: 2019-10-01 | AG3881: 2049-10-01 | AL3881: {"coordinates":[5.474803010881391,51.43944010772515],"type":"Point"} | AM3881: 51.43944010772515, 5.474803010881391 | AN3881: 51.439440431502504, 5.474804204415419 | AO3881: ColorGraze MX4 Power | AQ3881: =IF(ISBLANK(AP3881), IFERROR(IF(VLOOKUP(AO3881, Ellens_additions!$A$2:$B$252, 2, FALSE) = "", "", VLOOKUP(AO3881, Ellens_additions!$A$2:$B$252, 2, FALSE)), 0), AP3881)
A3883: Emmasingel 1-08 | B3883: 4893283 | C3883: 1 Centrum | D3883: 11 Centrum | E3883: 113 Witte Dame | F3883: Emmasingel | H3883: 1-08 | J3883: Gemeente Eindhoven | K3883: 161099.72 | L3883: 383402.36 | M3883: 1 | N3883: ColorGraze MX4 Power | O3883: 2019-10-01 | P3883: 2037-01-01 | Q3883: led | S3883: 37 | T3883: 13210 | V3883: LED | W3883: in40lux 100% - uit40 | X3883: A | Y3883: Philips ColorGraze M | Z3883: 2019-10-01 | AA3883: 2039-10-01 | AB3883: 0 | AE3883: Graze Inground Enclosure | AF3883: 2019-10-01 | AG3883: 2049-10-01 | AL3883: {"coordinates":[5.474929332325946,51.43968666175672],"type":"Point"} | AM3883: 51.43968666175672, 5.474929332325946 | AN3883: 51.439686985798915, 5.4749305268073405 | AO3883: ColorGraze MX4 Power | AQ3883: =IF(ISBLANK(AP3883), IFERROR(IF(VLOOKUP(AO3883, Ellens_additions!$A$2:$B$252, 2, FALSE) = "", "", VLOOKUP(AO3883, Ellens_additions!$A$2:$B$252, 2, FALSE)), 0), AP3883)
A3885: Emmasingel 1-05 | B3885: 4893286 | C3885: 1 Centrum | D3885: 11 Centrum | E3885: 113 Witte Dame | F3885: Emmasingel | H3885: 1-05 | J3885: Gemeente Eindhoven | K3885: 161106.3 | L3885: 383422.92 | M3885: 1 | N3885: ColorGraze MX4 Power | O3885: 2019-10-01 | P3885: 2037-01-01 | Q3885: led | S3885: 37 | T3885: 13210 | V3885: LED | W3885: in40lux 100% - uit40 | X3885: A | Y3885: Philips ColorGraze M | Z3885: 2019-10-01 | AA3885: 2039-10-01 | AB3885: 0 | AE3885: Graze Inground Enclosure | AF3885: 2021-06-01 | AG3885: 2051-06-01 | AL3885: {"coordinates":[5.475024325658034,51.43987139722488],"type":"Point"} | AM3885: 51.43987139722488, 5.475024325658034 | AN3885: 51.439871721465515, 5.475025520847369 | AO3885: ColorGraze MX4 Power | AQ3885: =IF(ISBLANK(AP3885), IFERROR(IF(VLOOKUP(AO3885, Ellens_additions!$A$2:$B$252, 2, FALSE) = "", "", VLOOKUP(AO3885, Ellens_additions!$A$2:$B$252, 2, FALSE)), 0), AP3885)
... A3891: Emmasingel 1-01 | B3891: 4893290 | C3891: 1 Centrum | D3891: 11 Centrum | E3891: 113 Witte Dame | F3891: Emmasingel | H3891: 1-01 | J3891: Gemeente Eindhoven | K3891: 161114.37 | L3891: 383448.04 | M3891: 1 | N3891: ColorGraze MX4 Power | O3891: 2019-10-01 | P3891: 2037-01-01 | Q3891: led | S3891: 37 | T3891: 13210 | V3891: LED | W3891: in40lux 100% - uit40 | X3891: A | Y3891: Philips ColorGraze M | Z3891: 2019-10-01 | AA3891: 2039-10-01 | AB3891: 0 | AE3891: Graze Inground Enclosure | AF3891: 2019-10-01 | AG3891: 2049-10-01 | AL3891: {"coordinates":[5.4751408290330374,51.44009710471003],"type":"Point"} | AM3891: 51.44009710471003, 5.4751408290330374 | AN3891: 51.4400974291933, 5.475142025085028 | AO3891: ColorGraze MX4 Power | AQ3891: =IF(ISBLANK(AP3891), IFERROR(IF(VLOOKUP(AO3891, Ellens_additions!$A$2:$B$252, 2, FALSE) = "", "", VLOOKUP(AO3891, Ellens_additions!$A$2:$B$252, 2, FALSE)), 0), AP3891)
A4977: Begijnenhof Kerk-005 | B4977: 4893430 | C4977: 1 Centrum | D4977: 11 Centrum | E4977: 111 Binnenstad | F4977: Begijnenhof | H4977: Kerk-005 | J4977: Gemeente Eindhoven | K4977: 161366.85 | L4977: 383077.28 | N4977: CDM-T 35W | O4977: 2008-01-01 | P4977: 2010-03-07 | Q4977: cdm-t | R4977: wit | S4977: 35 | T4977: 3300 | V4977: G12 | W4977: in40lux 100% - uit40 | X4977: A | Y4977: MVF 606 WB-L | Z4977: 2008-01-01 | AA4977: 2038-01-01 | AB4977: 0 | AE4977: BB IN/OP/AAN WAND/GEVEL | AF4977: 2008-01-01 | AG4977: 2038-01-01 | AL4977: {"coordinates":[5.478765456153272,51.436761685636114],"type":"Point"} | AM4977: 51.436761685636114, 5.478765456153272 | AN4977: 51.4367620080058, 5.47876662017049 | AO4977: CDM-T 35W | AQ4977: =IF(ISBLANK(AP4977), IFERROR(IF(VLOOKUP(AO4977, Ellens_additions!$A$2:$B$252, 2, FALSE) = "", "", VLOOKUP(AO4977, Ellens_additions!$A$2:$B$252, 2, FALSE)), 0), AP4977)
A4979: Kerkstraat Kerk-008 | B4979: 4893433 | C4979: 1 Centrum | D4979: 11 Centrum | E4979: 111 Binnenstad | F4979: Kerkstraat | H4979: Kerk-008 | J4979: Gemeente Eindhoven | K4979: 161376.93 | L4979: 383102.4 | N4979: CDM-T 35W | O4979: 2008-01-01 | P4979: 2010-03-07 | Q4979: cdm-t | R4979: wit | S4979: 35 | T4979: 3300 | V4979: G12 | W4979: in40lux 100% - uit40 | Y4979: MVF 606 WB-L | Z4979: 2008-01-01 | AA4979: 2038-01-01 | AB4979: 0 | AE4979: BB IN/OP/AAN WAND/GEVEL | AF4979: 2008-01-01 | AG4979: 2038-01-01 | AL4979: {"coordinates":[5.478910878830021,51.4369873540691],"type":"Point"} | AM4979: 51.4369873540691, 5.478910878830021 | AN4979: 51.43698767669016, 5.478912043598302 | AO4979: CDM-T 35W | AQ4979: =IF(ISBLANK(AP4979), IFERROR(IF(VLOOKUP(AO4979, Ellens_additions!$A$2:$B$252, 2, FALSE) = "", "", VLOOKUP(AO4979, Ellens_additions!$A$2:$B$252, 2, FALSE)), 0), AP4979)
A4981: Kerkstraat Kerk-009 | B4981: 4893434 | C4981: 1 Centrum | D4981: 11 Centrum | E4981: 111 Binnenstad | F4981: Kerkstraat | H4981: Kerk-009 | J4981: Gemeente Eindhoven | K4981: 161380.75 | L4981: 383105.57 | N4981: CDM-T 35W | O4981: 2008-01-01 | P4981: 2010-03-07 | Q4981: cdm-t | R4981: wit | S4981: 35 | T4981: 3300 | V4981: G12 | W4981: in40lux 100% - uit40 | Y4981: MVF 606 WB-L | Z4981: 2008-01-01 | AA4981: 2038-01-01 | AB4981: 0 | AE4981: BB IN/OP/AAN WAND/GEVEL | AF4981: 2008-01-01 | AG4981: 2038-01-01 | AL4981: {"coordinates":[5.478965956463655,51.43701583352419],"type":"Point"} | AM4981: 51.43701583352419, 5.478965956463655 | AN4981: 51.43701615618723, 5.478967121194574 | AO4981: CDM-T 35W | AQ4981: =IF(ISBLANK(AP4981), IFERROR(IF(VLOOKUP(AO4981, Ellens_additions!$A$2:$B$252, 2, FALSE) = "", "", VLOOKUP(AO4981, Ellens_additions!$A$2:$B$252, 2, FALSE)), 0), AP4981)
A4983: Kerkstraat Kerk-011 | B4983: 4893436 | C4983: 1 Centrum | D4983: 11 Centrum | E4983: 111 Binnenstad | F4983: Kerkstraat | H4983: Kerk-011 | J4983: Gemeente Eindhoven | K4983: 161389.76 | L4983: 383112.33 | N4983: CDM-T 35W | O4983: 2008-01-01 | P4983: 2010-03-07 | Q4983: cdm-t | R4983: wit | S4983: 35 | T4983: 3300 | V4983: G12 | W4983: in40lux 100% - uit40 | Y4983: MVF 606 WB-L | Z4983: 2008-01-01 | AA4983: 2038-01-01 | AB4983: 0 | AE4983: BB IN/OP/AAN WAND/GEVEL | AF4983: 2008-01-01 | AG4983: 2038-01-01 | AL4983: {"coordinates":[5.479095577813065,51.43707641740377],"type":"Point"} | AM4983: 51.43707641740377, 5.479095577813065 | AN4983: 51.43707674015954, 5.479096742419536 | AO4983: CDM-T 35W | AQ4983: =IF(ISBLANK(AP4983), IFERROR(IF(VLOOKUP(AO4983, Ellens_additions!$A$2:$B$252, 2, FALSE) = "", "", VLOOKUP(AO4983, Ellens_additions!$A$2:$B$252, 2, FALSE)), 0), AP4983)
A4985: Kerkstraat Kerk-012 | B4985: 4893437 | C4985: 1 Centrum | D4985: 11 Centrum | E4985: 111 Binnenstad | F4985: Kerkstraat | H4985: Kerk-012 | J4985: Gemeente Eindhoven | K4985: 161394.9 | L4985: 383115.95 | N4985: CDM-T 35W | O4985: 2008-01-01 | P4985: 2010-03-07 | Q4985: cdm-t | R4985: wit | S4985: 35 | T4985: 3300 | V4985: G12 | W4985: in40lux 100% - uit40 | Y4985: MVF 606 WB-L | Z4985: 2008-01-01 | AA4985: 2038-01-01 | AB4985: 0 | AE4985: BB IN/OP/AAN WAND/GEVEL | AF4985: 2008-01-01 | AG4985: 2038-01-01 | AL4985: {"coordinates":[5.4791696550939095,51.43710898688962],"type":"Point"} | AM4985: 51.43710898688962, 5.4791696550939095 | AN4985: 51.437109309696524, 5.47917081961761 | AO4985: CDM-T 35W | AQ4985: =IF(ISBLANK(AP4985), IFERROR(IF(VLOOKUP(AO4985, Ellens_additions!$A$2:$B$252, 2, FALSE) = "", "", VLOOKUP(AO4985, Ellens_additions!$A$2:$B$252, 2, FALSE)), 0), AP4985)
A5001: Catharinaplein Kerk-052 | B5001: 4893477 | C5001: 1 Centrum | D5001: 11 Centrum | E5001: 111 Binnenstad | F5001: Catharinaplein | H5001: Kerk-052 | J5001: Gemeente Eindhoven | K5001: 161421.84 | L5001: 383119.12 | N5001: LED | O5001: 2008-01-01 | P5001: 2008-01-01 | Q5001: led | R5001: wit | S5001: 0 | T5001: 0 | V5001: LED | W5001: in40lux 100% - uit40 | Y5001: LEDline BCS 716 NB A | Z5001: 2008-01-01 | AA5001: 2028-01-01 | AB5001: 0 | AE5001: BB IN/OP/AAN WAND/GEVEL | AF5001: 2008-01-01 | AG5001: 2038-01-01 | AL5001: {"coordinates":[5.479557116289592,51.43713711849268],"type":"Point"} | AM5001: 51.43713711849268, 5.479557116289592 | AN5001: 51.437137441434075, 5.479558279577751 | AO5001: LED | AQ5001: =IF(ISBLANK(AP5001), IFERROR(IF(VLOOKUP(AO5001, Ellens_additions!$A$2:$B$252, 2, FALSE) = "", "", VLOOKUP(AO5001, Ellens_additions!$A$2:$B$252, 2, FALSE)), 0), AP5001)
A5003: Catharinaplein Kerk-061 | B5003: 4893481 | C5003: 1 Centrum | D5003: 11 Centrum | E5003: 111 Binnenstad | F5003: Catharinaplein | H5003: Kerk-061 | J5003: Gemeente Eindhoven | K5003: 161431.75 | L5003: 383105.71 | N5003: LED | O5003: 2008-01-01 | P5003: 2008-01-01 | Q5003: led | R5003: wit | S5003: 0 | T5003: 0 | V5003: LED | W5003: in40lux 100% - uit40 | Y5003: LEDline BCS 716 NB A | Z5003: 2008-01-01 | AA5003: 2028-01-01 | AB5003: 0 | AE5003: BB IN/OP/AAN WAND/GEVEL | AF5003: 2008-01-01 | AG5003: 2038-01-01 | AL5003: {"coordinates":[5.479699352366907,51.437016498895666],"type":"Point"} | AM5003: 51.437016498895666, 5.479699352366907 | AN5003: 51.4370168217641, 5.479700514463998 | AO5003: LED | AQ5003: =IF(ISBLANK(AP5003), IFERROR(IF(VLOOKUP(AO5003, Ellens_additions!$A$2:$B$252, 2, FALSE) = "", "", VLOOKUP(AO5003, Ellens_additions!$A$2:$B$252, 2, FALSE)), 0), AP5003)
A5005: Catharinaplein Kerk-063 | B5005: 4893482 | C5005: 1 Centrum | D5005: 11 Centrum | E5005: 111 Binnenstad | F5005: Catharinaplein | H5005: Kerk-063 | J5005: Gemeente Eindhoven | K5005: 161431.69 | L5005: 383106.79 | N5005: LED | O5005: 2008-01-01 | P5005: 2008-01-01 | Q5005: led | R5005: wit | S5005: 0 | T5005: 0 | V5005: LED | W5005: in40lux 100% - uit40 | Y5005: LEDline BCS 716 NB A | Z5005: 2008-01-01 | AA5005: 2028-01-01 | AB5005: 0 | AE5005: BB IN/OP/AAN WAND/GEVEL | AF5005: 2008-01-01 | AG5005: 2038-01-01 | AL5005: {"coordinates":[5.479698569555796,51.437026209982534],"type":"Point"} | AM5005: 51.437026209982534, 5.479698569555796 | AN5005: 51.43702653285988, 5.47969973171042 | AO5005: LED | AQ5005: =IF(ISBLANK(AP5005), IFERROR(IF(VLOOKUP(AO5005, Ellens_additions!$A$2:$B$252, 2, FALSE) = "", "", VLOOKUP(AO5005, Ellens_additions!$A$2:$B$252, 2, FALSE)), 0), AP5005)
A5007: Catharinaplein Kerk-064 | B5007: 4893483 | C5007: 1 Centrum | D5007: 11 Centrum | E5007: 111 Binnenstad | F5007: Catharinaplein | H5007: Kerk-064 | J5007: Gemeente Eindhoven | K5007: 161432.41 | L5007: 383105.83 | N5007: LED | O5007: 2008-01-01 | P5007: 2008-01-01 | Q5007: led | R5007: wit | S5007: 0 | T5007: 0 | V5007: LED | W5007: in40lux 100% - uit40 | Y5007: LEDline BCS 716 NB A | Z5007: 2008-01-01 | AA5007: 2028-01-01 | AB5007: 0 | AE5007: BB IN/OP/AAN WAND/GEVEL | AF5007: 2008-01-01 | AG5007: 2038-01-01 | AL5007: {"coordinates":[5.479708852219377,51.43701754661692],"type":"Point"} | AM5007: 51.43701754661692, 5.479708852219377 | AN5007: 51.43701786948905, 5.4797100142882105 | AO5007: LED | AQ5007: =IF(ISBLANK(AP5007), IFERROR(IF(VLOOKUP(AO5007, Ellens_additions!$A$2:$B$252, 2, FALSE) = "", "", VLOOKUP(AO5007, Ellens_additions!$A$2:$B$252, 2, FALSE)), 0), AP5007)
A5009: Catharinaplein Kerk-056 | B5009: 4893488 | C5009: 1 Centrum | D5009: 11 Centrum | E5009: 111 Binnenstad | F5009: Catharinaplein | H5009: Kerk-056 | J5009: Gemeente Eindhoven | K5009: 161422.92 | L5009: 383119.17 | N5009: LED | O5009: 2008-01-01 | P5009: 2008-01-01 | Q5009: led | R5009: wit | S5009: 0 | T5009: 0 | V5009: LED | W5009: in40lux 100% - uit40 | Y5009: LEDline BCS 722 WB A | Z5009: 2008-01-01 | AA5009: 2028-01-01 | AB5009: 0 | AE5009: BB IN/OP/AAN WAND/GEVEL | AF5009: 2008-01-01 | AG5009: 2038-01-01 | AL5009: {"coordinates":[5.479572652520475,51.43713760773337],"type":"Point"} | AM5009: 51.43713760773337, 5.479572652520475 | AN5009: 51.43713793067959, 5.479573815755466 | AO5009: LED | AQ5009: =IF(ISBLANK(AP5009), IFERROR(IF(VLOOKUP(AO5009, Ellens_additions!$A$2:$B$252, 2, FALSE) = "", "", VLOOKUP(AO5009, Ellens_additions!$A$2:$B$252, 2, FALSE)), 0), AP5009)
A5011: Catharinaplein Kerk-062 | B5011: 4893490 | C5011: 1 Centrum | D5011: 11 Centrum | E5011: 111 Binnenstad | F5011: Catharinaplein | H5011: Kerk-062 | J5011: Gemeente Eindhoven | K5011: 161431.75 | L5011: 383107.21 | N5011: LED | O5011: 2008-01-01 | P5011: 2008-01-01 | Q5011: led | R5011: wit | S5011: 0 | T5011: 0 | V5011: LED | W5011: in40lux 100% - uit40 | Y5011: LEDline BCS 722 WB A | Z5011: 2008-01-01 | AA5011: 2028-01-01 | AB5011: 0 | AE5011: BB IN/OP/AAN WAND/GEVEL | AF5011: 2008-01-01 | AG5011: 2038-01-01 | AL5011: {"coordinates":[5.479699464560495,51.43702998181795],"type":"Point"} | AM5011: 51.43702998181795, 5.479699464560495 | AN5011: 51.437030304699064, 5.479700626733117 | AO5011: LED | AQ5011: =IF(ISBLANK(AP5011), IFERROR(IF(VLOOKUP(AO5011, Ellens_additions!$A$2:$B$252, 2, FALSE) = "", "", VLOOKUP(AO5011, Ellens_additions!$A$2:$B$252, 2, FALSE)), 0), AP5011)
A5013: Catharinaplein Kerk-058 | B5013: 4893492 | C5013: 1 Centrum | D5013: 11 Centrum | E5013: 111 Binnenstad | F5013: Catharinaplein | H5013: Kerk-058 | J5013: Gemeente Eindhoven | K5013: 161426.9 | L5013: 383112.85 | N5013: LED | O5013: 2008-01-01 | P5013: 2008-01-01 | Q5013: led | R5013: wit | S5013: 0 | T5013: 0 | V5013: LED | W5013: in40lux 100% - uit40 | Y5013: LEDflood BCP 730 AWB | Z5013: 2008-01-01 | AA5013: 2028-01-01 | AB5013: 0 | AE5013: BB OP DAK | AF5013: 2008-01-01 | AG5013: 2038-01-01 | AL5013: {"coordinates":[5.479629818634498,51.43708074045248],"type":"Point"} | AM5013: 51.43708074045248, 5.479629818634498 | AN5013: 51.437081063361546, 5.479630981343529 | AO5013: LED | AQ5013: =IF(ISBLANK(AP5013), IFERROR(IF(VLOOKUP(AO5013, Ellens_additions!$A$2:$B$252, 2, FALSE) = "", "", VLOOKUP(AO5013, Ellens_additions!$A$2:$B$252, 2, FALSE)), 0), AP5013)
A5017: Catharinaplein Kerk-075 | B5017: 4893500 | C5017: 1 Centrum | D5017: 11 Centrum | E5017: 111 Binnenstad | F5017: Catharinaplein | H5017: Kerk-075 | J5017: Gemeente Eindhoven | K5017: 161452.99 | L5017: 383127.02 | N5017: CDM-T 70W | O5017: 2008-01-01 | P5017: 2010-07-01 | Q5017: cdm-t | R5017: wit | S5017: 70 | T5017: 6600 | V5017: G12 | W5017: in40lux 100% - uit40 | X5017: A | Y5017: MVF 616 CDM-T 70 W | Z5017: 2008-01-01 | AA5017: 2038-01-01 | AB5017: 0 | AE5017: BB OP DAK | AF5017: 2008-01-01 | AG5017: 2038-01-01 | AL5017: {"coordinates":[5.480005292476392,51.43720775550118],"type":"Point"} | AM5017: 51.43720775550118, 5.480005292476392 | AN5017: 51.43720807863397, 5.480006454549372 | AO5017: CDM-T 70W | AQ5017: =IF(ISBLANK(AP5017), IFERROR(IF(VLOOKUP(AO5017, Ellens_additions!$A$2:$B$252, 2, FALSE) = "", "", VLOOKUP(AO5017, Ellens_additions!$A$2:$B$252, 2, FALSE)), 0), AP5017)
A5187: 6304 TRAPVERLICHTING KASTELENP 202 | B5187: 4893752 | C5187: 7 Gestel | D5187: 73 Oud Kasteel | E5187: 732 Hanevoet | F5187: 6304 TRAPVERLICHTING KASTELENP | H5187: 202 | J5187: Gemeente Eindhoven | K5187: 158674.54 | L5187: 381123.57 | M5187: 1 | N5187: TL 8 W | O5187: 2008-11-11 | P5187: 2010-01-16 | Q5187: tl | R5187: wit | S5187: 8 | T5187: 340 | V5187: G5 | W5187: in30lux 100% - uit30 | X5187: A | Y5187: TCH TL 8 W | Z5187: 1978-05-01 | AA5187: 1998-05-01 | AB5187: 40 | AC5187: 1 | AE5187: BB IN/OP/AAN WAND/GEVEL | AF5187: 1978-05-01 | AG5187: 2008-05-01 | AL5187: {"coordinates":[5.440025243316962,51.41922440684389],"type":"Point"} | AM5187: 51.41922440684389, 5.440025243316962 | AN5187: 51.419224712363935, 5.440026445276944 | AO5187: TL 8 W | AQ5187: =IF(ISBLANK(AP5187), IFERROR(IF(VLOOKUP(AO5187, Ellens_additions!$A$2:$B$252, 2, FALSE) = "", "", VLOOKUP(AO5187, Ellens_additions!$A$2:$B$252, 2, FALSE)), 0), AP5187) -> 0
A5646: Robbenstraat 007 | B5646: 4929267 | C5646: 4 Woensel-Zuid | D5646: 42 Erp | E5646: 422 Kronehoef | F5646: Robbenstraat | H5646: 007 | J5646: Gemeente Eindhoven | K5646: 160616.75 | L5646: 385032.84 | N5646: LED49/830 DM70 | O5646: 2023-08-25 | P5646: 2048-10-10 | Q5646: led | S5646: 34 | T5646: 4900 | V5646: LED | W5646: in30lux 80% - 19:00 | Y5646: BGP760 | Z5646: 2023-08-25 | AA5646: 2048-08-25 | AB5646: 0 | AE5646: AL 6 NEDAL V.061PT03.6E.000 | AF5646: 2023-08-25 | AG5646: 2053-08-25 | AL5646: {"coordinates":[5.468008918736721,51.454347512043256],"type":"Point"} | AM5646: 51.454347512043256, 5.468008918736721 | AN5646: 51.454347850652596, 5.46801023141409 | AO5646: LED49/830 DM70 | AP5646: 3000 | AQ5646: =IF(ISBLANK(AP5646), IFERROR(IF(VLOOKUP(AO5646, Ellens_additions!$A$2:$B$252, 2, FALSE) = "", "", VLOOKUP(AO5646, Ellens_additions!$A$2:$B$252, 2, FALSE)), 0), AP5646) -> 3000
A5662: Loofhout 003 | B5662: 4929287 | C5662: 4 Woensel-Zuid | D5662: 42 Erp | E5662: 421 Groenewoud | F5662: Loofhout | H5662: 003 | J5662: Gemeente Eindhoven | K5662: 159539.64 | L5662: 385623.36 | M5662: 1 | N5662: LW10 GRN30/830 PSD-S | O5662: 2022-01-01 | P5662: 2047-02-04 | Q5662: led | S5662: 23 | T5662: 3000 | V5662: LED | W5662: in30lux 100% - 19:00 | X5662: A | Y5662: BDS490 | Z5662: 2022-01-01 | AA5662: 2042-01-01 | AB5662: 0 | AE5662: AL 4 HYDRO 1204011401 | AF5662: 2022-01-01 | AG5662: 2052-01-01 | AL5662: {"coordinates":[5.452519827440681,51.45966519435047],"type":"Point"} | AM5662: 51.45966519435047, 5.452519827440681 | AN5662: 51.45966553279081, 5.452521225004093 | AO5662: LW10 GRN30/830 PSD-S | AP5662: 3000 | AQ5662: =IF(ISBLANK(AP5662), IFERROR(IF(VLOOKUP(AO5662, Ellens_additions!$A$2:$B$252, 2, FALSE) = "", "", VLOOKUP(AO5662, Ellens_additions!$A$2:$B$252, 2, FALSE)), 0), AP5662) -> 3000
A5664: Loofhout 011 | B5664: 4929294 | C5664: 4 Woensel-Zuid | D5664: 42 Erp | E5664: 421 Groenewoud | F5664: Loofhout | H5664: 011 | J5664: Gemeente Eindhoven | K5664: 159598.9 | L5664: 385529.51 | M5664: 1 | N5664: LW10 GRN30/830 PSD-S | O5664: 2022-01-01 | P5664: 2047-02-04 | Q5664: led | S5664: 23 | T5664: 3000 | V5664: LED | W5664: in30lux 100% - 19:00 | X5664: A | Y5664: BDS490 | Z5664: 2022-01-01 | AA5664: 2042-01-01 | AB5664: 0 | AE5664: AL 4 HYDRO 1204011401 | AF5664: 2022-01-01 | AG5664: 2052-01-01 | AL5664: {"coordinates":[5.453371347978003,51.45882115452014],"type":"Point"} | AM5664: 51.45882115452014, 5.453371347978003 | AN5664: 51.45882149237274, 5.453372737918925 | AO5664: LW10 GRN30/830 PSD-S | AP5664: 3000 | AQ5664: =IF(ISBLANK(AP5664), IFERROR(IF(VLOOKUP(AO5664, Ellens_additions!$A$2:$B$252, 2, FALSE) = "", "", VLOOKUP(AO5664, Ellens_additions!$A$2:$B$252, 2, FALSE)), 0), AP5664) -> 3000
A5672: Robbenstraat 004 | B5672: 4929316 | C5672: 4 Woensel-Zuid | D5672: 42 Erp | E5672: 422 Kronehoef | F5672: Robbenstraat | H5672: 004 | J5672: Gemeente Eindhoven | K5672: 160541.38 | L5672: 385067.67 | N5672: LED49/830 DM70 | O5672: 2024-03-01 | P5672: 2049-04-18 | Q5672: led | S5672: 34 | T5672: 4900 | V5672: LED | W5672: in30lux 80% - 19:00 | Y5672: BGP760 | Z5672: 2024-03-01 | AA5672: 2049-03-01 | AB5672: 0 | AE5672: AL 6 NEDAL V.061PT03.6E.000 | AF5672: 2024-03-01 | AG5672: 2054-03-01 | AL5672: {"coordinates":[5.4669250999853265,51.45466133448314],"type":"Point"} | AM5672: 51.45466133448314, 5.4669250999853265 | AN5672: 51.45466167314683, 5.466926418701809 | AO5672: LED49/830 DM70 | AP5672: 3000 | AQ5672: =IF(ISBLANK(AP5672), IFERROR(IF(VLOOKUP(AO5672, Ellens_additions!$A$2:$B$252, 2, FALSE) = "", "", VLOOKUP(AO5672, Ellens_additions!$A$2:$B$252, 2, FALSE)), 0), AP5672) -> 3000
A5688: FIETSPAD BOSCHD./ELISABETHTUN. 119 | B5688: 4929340 | C5688: 4 Woensel-Zuid | D5688: 41 Oud-Woensel | E5688: 410 Limbeek-Zuid | F5688: FIETSPAD BOSCHD./ELISABETHTUN. | H5688: 119 | J5688: Gemeente Eindhoven | K5688: 160875.34 | L5688: 383882.28 | M5688: 1 | N5688: Lightronics LED CEDE | O5688: 2024-01-25 | P5688: 2048-11-18 | Q5688: led | S5688: 17 | T5688: 2500 | V5688: LED | W5688: in40lux 100% - 19:00 | X5688: A | Y5688: Ceder A2 | Z5688: 2024-01-25 | AA5688: 2044-01-25 | AB5688: 0 | AE5688: AL 4 NEDAL K040PT01.6E.000 | AF5688: 2024-01-25 | AG5688: 2054-01-25 | AL5688: {"coordinates":[5.471710153625058,51.4440028858735],"type":"Point"} | AM5688: 51.4440028858735, 5.471710153625058 | AN5688: 51.44400321365213, 5.471711386569058 | AO5688: Lightronics LED CEDE | AQ5688: =IF(ISBLANK(AP5688), IFERROR(IF(VLOOKUP(AO5688, Ellens_additions!$A$2:$B$252, 2, FALSE) = "", "", VLOOKUP(AO5688, Ellens_additions!$A$2:$B$252, 2, FALSE)), 0), AP5688)
A5690: FIETSPAD BOSCHD./ELISABETHTUN. 121 | B5690: 4929341 | C5690: 4 Woensel-Zuid | D5690: 41 Oud-Woensel | E5690: 410 Limbeek-Zuid | F5690: FIETSPAD BOSCHD./ELISABETHTUN. | H5690: 121 | J5690: Gemeente Eindhoven | K5690: 160869.37 | L5690: 383905.8 | M5690: 1 | N5690: Lightronics LED CEDE | O5690: 2024-05-01 | P5690: 2049-01-31 | Q5690: led | S5690: 17 | T5690: 2500 | V5690: LED | W5690: in40lux 100% - 19:00 | X5690: A | Y5690: Ceder A2 | Z5690: 2024-05-01 | AA5690: 2044-05-01 | AB5690: 0 | AE5690: AL 4 NEDAL K040PT01.6E.000 | AF5690: 2024-05-01 | AG5690: 2054-05-01 | AL5690: {"coordinates":[5.471624672528575,51.44421436137669],"type":"Point"} | AM5690: 51.44421436137669, 5.471624672528575 | AN5690: 51.444214689363854, 5.471625907124838 | AO5690: Lightronics LED CEDE | AQ5690: =IF(ISBLANK(AP5690), IFERROR(IF(VLOOKUP(AO5690, Ellens_additions!$A$2:$B$252, 2, FALSE) = "", "", VLOOKUP(AO5690, Ellens_additions!$A$2:$B$252, 2, FALSE)), 0), AP5690)
A5718: Celsiusplein 006 | B5718: 4929373 | C5718: 4 Woensel-Zuid | D5718: 42 Erp | E5718: 421 Groenewoud | F5718: Celsiusplein | H5718: 006 | J5718: Gemeente Eindhoven | K5718: 159605.72 | L5718: 385105.73 | M5718: 1 | N5718: LED20/730 DRW | O5718: 2024-03-14 | P5718: 2049-05-07 | Q5718: led | S5718: 15 | T5718: 2000 | V5718: LED | W5718: in30lux 100% - 19:00 | X5718: A | Y5718: BDP102 | Z5718: 2024-03-14 | AA5718: 2044-03-14 | AB5718: 0 | AE5718: AL 4 HYDRO 1204011401 | AF5718: 2024-03-14 | AG5718: 2054-03-14 | AL5718: {"coordinates":[5.453463993930835,51.45501193294542],"type":"Point"} | AM5718: 51.45501193294542, 5.453463993930835 | AN5718: 51.455012266515254, 5.4534653594761435 | AO5718: LED20/730 DRW | AP5718: 3000 | AQ5718: =IF(ISBLANK(AP5718), IFERROR(IF(VLOOKUP(AO5718, Ellens_additions!$A$2:$B$252, 2, FALSE) = "", "", VLOOKUP(AO5718, Ellens_additions!$A$2:$B$252, 2, FALSE)), 0), AP5718) -> 3000
A5720: Newtonstraat 012 | B5720: 4929375 | C5720: 4 Woensel-Zuid | D5720: 42 Erp | E5720: 421 Groenewoud | F5720: Newtonstraat | H5720: 012 | J5720: Gemeente Eindhoven | K5720: 159783.92 | L5720: 385262.87 | M5720: 1 | N5720: LED20/730 DRW | O5720: 2024-03-08 | P5720: 2049-04-28 | Q5720: led | S5720: 15 | T5720: 2000 | V5720: LED | W5720: in30lux 100% - 19:00 | X5720: A | Y5720: BDP102 | Z5720: 2024-03-08 | AA5720: 2044-03-08 | AB5720: 0 | AE5720: AL 4 HYDRO 1204011401 | AF5720: 2024-03-08 | AG5720: 2054-03-08 | AL5720: {"coordinates":[5.456029980076588,51.45642289312844],"type":"Point"} | AM5720: 51.45642289312844, 5.456029980076588 | AN5720: 51.456423229238226, 5.456031347114828 | AO5720: LED20/730 DRW | AP5720: 3000 | AQ5720: =IF(ISBLANK(AP5720), IFERROR(IF(VLOOKUP(AO5720, Ellens_additions!$A$2:$B$252, 2, FALSE) = "", "", VLOOKUP(AO5720, Ellens_additions!$A$2:$B$252, 2, FALSE)), 0), AP5720) -> 3000
A5768: Celsiusplein 003 | B5768: 4929459 | C5768: 4 Woensel-Zuid | D5768: 42 Erp | E5768: 421 Groenewoud | F5768: Celsiusplein | H5768: 003 | J5768: Gemeente Eindhoven | K5768: 159674.5 | L5768: 385115.25 | N5768: 19 LED-HB 30W 1170Lm | O5768: 2023-04-14 | P5768: 2053-07-06 | Q5768: led | R5768: wit | S5768: 30 | T5768: 1170 | V5768: LED | W5768: in30lux 100% - 19:00 | X5768: A | Y5768: BCP463 | Z5768: 2023-04-14 | AA5768: 2043-04-14 | AB5768: 0 | AE5768: ST 10 M CCOL 10.0 PT(U) 76-GST168 | AF5768: 2023-04-14 | AG5768: 2063-04-14 | AL5768: {"coordinates":[5.454453640483914,51.4550968921106],"type":"Point"} | AM5768: 51.4550968921106, 5.454453640483914 | AN5768: 51.4550972261264, 5.45445500358377 | AO5768: 19 LED-HB 30W 1170Lm | AQ5768: =IF(ISBLANK(AP5768), IFERROR(IF(VLOOKUP(AO5768, Ellens_additions!$A$2:$B$252, 2, FALSE) = "", "", VLOOKUP(AO5768, Ellens_additions!$A$2:$B$252, 2, FALSE)), 0), AP5768)
A5770: Celsiusplein 003 | B5770: 4929460 | C5770: 4 Woensel-Zuid | D5770: 42 Erp | E5770: 421 Groenewoud | F5770: Celsiusplein | H5770: 003 | J5770: Gemeente Eindhoven | K5770: 159674.5 | L5770: 385115.25 | N5770: 19 LED-HB 30W 1170Lm | O5770: 2023-04-14 | P5770: 2053-07-06 | Q5770: led | R5770: wit | S5770: 30 | T5770: 1170 | V5770: LED | W5770: in30lux 100% - 19:00 | X5770: B | Y5770: BCP463 | Z5770: 2023-04-14 | AA5770: 2043-04-14 | AB5770: 0 | AE5770: ST 10 M CCOL 10.0 PT(U) 76-GST168 | AF5770: 2023-04-14 | AG5770: 2063-04-14 | AL5770: {"coordinates":[5.454453640483914,51.4550968921106],"type":"Point"} | AM5770: 51.4550968921106, 5.454453640483914 | AN5770: 51.4550972261264, 5.45445500358377 | AO5770: 19 LED-HB 30W 1170Lm | AQ5770: =IF(ISBLANK(AP5770), IFERROR(IF(VLOOKUP(AO5770, Ellens_additions!$A$2:$B$252, 2, FALSE) = "", "", VLOOKUP(AO5770, Ellens_additions!$A$2:$B$252, 2, FALSE)), 0), AP5770)
A5772: Celsiusplein 003 | B5772: 4929461 | C5772: 4 Woensel-Zuid | D5772: 42 Erp | E5772: 421 Groenewoud | F5772: Celsiusplein | H5772: 003 | J5772: Gemeente Eindhoven | K5772: 159674.5 | L5772: 385115.25 | N5772: 19 LED-HB 30W 1170Lm | O5772: 2023-04-14 | P5772: 2053-07-06 | Q5772: led | R5772: wit | S5772: 30 | T5772: 1170 | V5772: LED | W5772: in30lux 100% - 19:00 | X5772: C | Y5772: BCP463 | Z5772: 2023-04-14 | AA5772: 2043-04-14 | AB5772: 0 | AE5772: ST 10 M CCOL 10.0 PT(U) 76-GST168 | AF5772: 2023-04-14 | AG5772: 2063-04-14 | AL5772: {"coordinates":[5.454453640483914,51.4550968921106],"type":"Point"} | AM5772: 51.4550968921106, 5.454453640483914 | AN5772: 51.4550972261264, 5.45445500358377 | AO5772: 19 LED-HB 30W 1170Lm | AQ5772: =IF(ISBLANK(AP5772), IFERROR(IF(VLOOKUP(AO5772, Ellens_additions!$A$2:$B$252, 2, FALSE) = "", "", VLOOKUP(AO5772, Ellens_additions!$A$2:$B$252, 2, FALSE)), 0), AP5772)
A5911: St Trudoplein 034 | B5911: 4908848 | C5911: 6 Strijp | D5911: 61 Oud-Strijp | E5911: 614 Schouwbroek | F5911: St Trudoplein | H5911: 034 | J5911: Gemeente Eindhoven | K5911: 159742.92 | L5911: 383564.29 | M5911: 1 | N5911: 9 LED 9W LED Module | O5911: 2017-09-11 | P5911: 2029-12-31 | Q5911: led | S5911: 9 | T5911: 630 | V5911: LED | W5911: in40lux 100% - uit40 | X5911: A | Y5911: RX70045-E-Knidos rvs | Z5911: 2017-09-11 | AA5911: 2032-09-11 | AB5911: 0 | AE5911: RVS Tegel | AF5911: 2017-09-11 | AG5911: 2032-09-11 | AL5911: {"coordinates":[5.45541719025963,51.441155271732676],"type":"Point"} | AM5911: 51.441155271732676, 5.45541719025963 | AN5911: 51.44115559142947, 5.455418461191147 | AO5911: 9 LED 9W LED Module | AQ5911: =IF(ISBLANK(AP5911), IFERROR(IF(VLOOKUP(AO5911, Ellens_additions!$A$2:$B$252, 2, FALSE) = "", "", VLOOKUP(AO5911, Ellens_additions!$A$2:$B$252, 2, FALSE)), 0), AP5911) -> 0
A5913: St Trudoplein 032 | B5913: 4908850 | C5913: 6 Strijp | D5913: 61 Oud-Strijp | E5913: 614 Schouwbroek | F5913: St Trudoplein | H5913: 032 | J5913: Gemeente Eindhoven | K5913: 159736.2 | L5913: 383565.99 | M5913: 1 | N5913: 9 LED 9W LED Module | O5913: 2017-09-11 | P5913: 2029-12-31 | Q5913: led | S5913: 9 | T5913: 630 | V5913: LED | W5913: in40lux 100% - uit40 | X5913: A | Y5913: RX70045-E-Knidos rvs | Z5913: 2017-09-11 | AA5913: 2032-09-11 | AB5913: 0 | AE5913: RVS Tegel | AF5913: 2017-09-11 | AG5913: 2032-09-11 | AL5913: {"coordinates":[5.455320558893471,51.44117060908619],"type":"Point"} | AM5913: 51.44117060908619, 5.455320558893471 | AN5913: 51.44117092878205, 5.455321830207017 | AO5913: 9 LED 9W LED Module | AQ5913: =IF(ISBLANK(AP5913), IFERROR(IF(VLOOKUP(AO5913, Ellens_additions!$A$2:$B$252, 2, FALSE) = "", "", VLOOKUP(AO5913, Ellens_additions!$A$2:$B$252, 2, FALSE)), 0), AP5913) -> 0
A5915: St Trudoplein 031 | B5915: 4908851 | C5915: 6 Strijp | D5915: 61 Oud-Strijp | E5915: 614 Schouwbroek | F5915: St Trudoplein | H5915: 031 | J5915: Gemeente Eindhoven | K5915: 159731.87 | L5915: 383566.47 | M5915: 1 | N5915: 9 LED 9W LED Module | O5915: 2017-09-11 | P5915: 2029-12-31 | Q5915: led | S5915: 9 | T5915: 630 | V5915: LED | W5915: in40lux 100% - uit40 | X5915: A | Y5915: RX70045-E-Knidos rvs | Z5915: 2017-09-11 | AA5915: 2032-09-11 | AB5915: 0 | AE5915: RVS Tegel | AF5915: 2017-09-11 | AG5915: 2032-09-11 | AL5915: {"coordinates":[5.455258286650837,51.4411749600899],"type":"Point"} | AM5915: 51.4411749600899, 5.455258286650837 | AN5915: 51.441175279779756, 5.455259558175815 | AO5915: 9 LED 9W LED Module | AQ5915: =IF(ISBLANK(AP5915), IFERROR(IF(VLOOKUP(AO5915, Ellens_additions!$A$2:$B$252, 2, FALSE) = "", "", VLOOKUP(AO5915, Ellens_additions!$A$2:$B$252, 2, FALSE)), 0), AP5915) -> 0
A5917: St Trudoplein 028 | B5917: 4908854 | C5917: 6 Strijp | D5917: 61 Oud-Strijp | E5917: 614 Schouwbroek | F5917: St Trudoplein | H5917: 028 | J5917: Gemeente Eindhoven | K5917: 159715.09 | L5917: 383559.66 | M5917: 1 | N5917: 9 LED 9W LED Module | O5917: 2017-09-11 | P5917: 2029-12-31 | Q5917: led | S5917: 9 | T5917: 630 | V5917: LED | W5917: in40lux 100% - uit40 | X5917: A | Y5917: RX70045-E-Knidos rvs | Z5917: 2017-09-11 | AA5917: 2032-09-11 | AB5917: 0 | AE5917: RVS Tegel | AF5917: 2017-09-11 | AG5917: 2032-09-11 | AL5917: {"coordinates":[5.45501684783539,51.441113888229374],"type":"Point"} | AM5917: 51.441113888229374, 5.45501684783539 | AN5917: 51.44111420782109, 5.45501811969059 | AO5917: 9 LED 9W LED Module | AQ5917: =IF(ISBLANK(AP5917), IFERROR(IF(VLOOKUP(AO5917, Ellens_additions!$A$2:$B$252, 2, FALSE) = "", "", VLOOKUP(AO5917, Ellens_additions!$A$2:$B$252, 2, FALSE)), 0), AP5917) -> 0
A5919: St Trudoplein 025 | B5919: 4908857 | C5919: 6 Strijp | D5919: 61 Oud-Strijp | E5919: 614 Schouwbroek | F5919: St Trudoplein | H5919: 025 | J5919: Gemeente Eindhoven | K5919: 159699.02 | L5919: 383558.39 | M5919: 1 | N5919: 9 LED 9W LED Module | O5919: 2017-09-11 | P5919: 2029-12-31 | Q5919: led | S5919: 9 | T5919: 630 | V5919: LED | W5919: in40lux 100% - uit40 | X5919: A | Y5919: RX70045-E-Knidos rvs | Z5919: 2017-09-11 | AA5919: 2032-09-11 | AB5919: 0 | AE5919: RVS Tegel | AF5919: 2017-09-11 | AG5919: 2032-09-11 | AL5919: {"coordinates":[5.454785695349019,51.44110260712276],"type":"Point"} | AM5919: 51.44110260712276, 5.454785695349019 | AN5919: 51.44110292666627, 5.454786967816547 | AO5919: 9 LED 9W LED Module | AQ5919: =IF(ISBLANK(AP5919), IFERROR(IF(VLOOKUP(AO5919, Ellens_additions!$A$2:$B$252, 2, FALSE) = "", "", VLOOKUP(AO5919, Ellens_additions!$A$2:$B$252, 2, FALSE)), 0), AP5919) -> 0
A5921: St Trudoplein 024 | B5921: 4908858 | C5921: 6 Strijp | D5921: 61 Oud-Strijp | E5921: 614 Schouwbroek | F5921: St Trudoplein | H5921: 024 | J5921: Gemeente Eindhoven | K5921: 159696.25 | L5921: 383559.24 | M5921: 1 | N5921: 9 LED 9W LED Module | O5921: 2017-09-11 | P5921: 2029-12-31 | Q5921: led | S5921: 9 | T5921: 630 | V5921: LED | W5921: in40lux 100% - uit40 | X5921: A | Y5921: RX70045-E-Knidos rvs | Z5921: 2017-09-11 | AA5921: 2032-09-11 | AB5921: 0 | AE5921: RVS Tegel | AF5921: 2017-09-11 | AG5921: 2032-09-11 | AL5921: {"coordinates":[5.454745865621259,51.44111027062178],"type":"Point"} | AM5921: 51.44111027062178, 5.454745865621259 | AN5921: 51.44111059016622, 5.4547471382546995 | AO5921: 9 LED 9W LED Module | AQ5921: =IF(ISBLANK(AP5921), IFERROR(IF(VLOOKUP(AO5921, Ellens_additions!$A$2:$B$252, 2, FALSE) = "", "", VLOOKUP(AO5921, Ellens_additions!$A$2:$B$252, 2, FALSE)), 0), AP5921) -> 0
A5923: St Trudoplein 023 | B5923: 4908859 | C5923: 6 Strijp | D5923: 61 Oud-Strijp | E5923: 614 Schouwbroek | F5923: St Trudoplein | H5923: 023 | J5923: Gemeente Eindhoven | K5923: 159693.55 | L5923: 383557.86 | M5923: 1 | N5923: 9 LED 9W LED Module | O5923: 2017-09-11 | P5923: 2029-12-31 | Q5923: led | S5923: 9 | T5923: 630 | V5923: LED | W5923: in40lux 100% - uit40 | X5923: A | Y5923: RX70045-E-Knidos rvs | Z5923: 2017-09-11 | AA5923: 2032-09-11 | AB5923: 0 | AE5923: RVS Tegel | AF5923: 2017-09-11 | AG5923: 2032-09-11 | AL5923: {"coordinates":[5.454707013049449,51.441097888807235],"type":"Point"} | AM5923: 51.441097888807235, 5.454707013049449 | AN5923: 51.44109820833361, 5.454708285719844 | AO5923: 9 LED 9W LED Module | AQ5923: =IF(ISBLANK(AP5923), IFERROR(IF(VLOOKUP(AO5923, Ellens_additions!$A$2:$B$252, 2, FALSE) = "", "", VLOOKUP(AO5923, Ellens_additions!$A$2:$B$252, 2, FALSE)), 0), AP5923) -> 0
A5925: St Trudoplein 022 | B5925: 4908860 | C5925: 6 Strijp | D5925: 61 Oud-Strijp | E5925: 614 Schouwbroek | F5925: St Trudoplein | H5925: 022 | J5925: Gemeente Eindhoven | K5925: 159692.75 | L5925: 383554.95 | M5925: 1 | N5925: 9 LED 9W LED Module | O5925: 2017-09-11 | P5925: 2029-12-31 | Q5925: led | S5925: 9 | T5925: 630 | V5925: LED | W5925: in40lux 100% - uit40 | X5925: A | Y5925: RX70045-E-Knidos rvs | Z5925: 2017-09-11 | AA5925: 2032-09-11 | AB5925: 0 | AE5925: RVS Tegel | AF5925: 2017-09-11 | AG5925: 2032-09-11 | AL5925: {"coordinates":[5.454695467938017,51.441071738477056],"type":"Point"} | AM5925: 51.441071738477056, 5.454695467938017 | AN5925: 51.44107205797663, 5.454696740478064 | AO5925: 9 LED 9W LED Module | AQ5925: =IF(ISBLANK(AP5925), IFERROR(IF(VLOOKUP(AO5925, Ellens_additions!$A$2:$B$252, 2, FALSE) = "", "", VLOOKUP(AO5925, Ellens_additions!$A$2:$B$252, 2, FALSE)), 0), AP5925) -> 0
...

Sheet algoritme tabel 
A1: color temp | D1: 1800 | E1: 2200 | F1: 2000 | G1: 2700 | H1: 3000 | I1: 4000 | J1: > 4000
C2: NATURE | D2: 5 | E2: 5 | F2: 5 | G2: 4 | H2: 3 | I2: 2 | J2: 1
C3: HUMANS | D3: 2 | E3: 2 | F3: 2 | G3: 3 | H3: 3 | I3: 4 | J3: 5
C4: EFFICIENCY | D4: 4 | E4: 4.333333 | F4: 4.333333 | G4: 4.333333 | H4: 4 | I4: 3.333333 | J4: 2.333333
A6: pole_height | D6: < 1 | E6: < 2 | F6: < 4.2 | G6: < 6 | H6: < 10 | I6: > 10
C7: NATURE | D7: 5 | E7: 5 | F7: 4 | G7: 3 | H7: 2 | I7: 1
C8: HUMANS | D8: 1 | E8: 2 | F8: 3 | G8: 3 | H8: 4 | I8: 5
C9: EFFICIENCY | D9: 3 | E9: 3 | F9: 2.333333 | G9: 2 | H9: 2.333333 | I9: 2.666667
A11: lumen | D11: 1 | E11: 5 | F11: 10 | G11: 20 | H11: 50 | I11: > 50
C12: NATURE | D12: 5 | E12: 4 | F12: 3 | G12: 2 | H12: 1 | I12: 1
C13: HUMANS | D13: 0 | E13: 0 | F13: 0 | G13: 0 | H13: 0 | I13: 0
C14: EFFICIENCY | D14: 0 | E14: 0 | F14: 0 | G14: 0 | H14: 0 | I14: 0

Sheet Cat_helper_table

Sheet Ellens_additions
A1: TYPE_LAMP (Alles zonder kleur temperatuur of 1000 K?) | B1: Kleurtemperatuur
A2: SON-T PIA PLUS 50W | B2: 2000
A3: SON PIA PLUS 100W | B3: 2000
A4: SOX PSG 55W | B4: 1800
A5: PLL 36 W xtra polar
A6: SON-T PIA PLUS 70W | B6: 2000
A7: SON-T 70W | B7: 2000
A8: 16 LED 19W 350mA (Pi
A9: Unique-L Cool 36 Wat
A10: SON PIA PLUS 150W | B10: 2000
A11: SON PIA PLUS 70W I | B11: 2000
A12: 96 LED type II short
A13: SILL 153 LED Blauw 1
A14: 120 LED type II shor
A15: LED upgrade KIT Blue
A16: HRIT 250BL
A17: CDO-TT Plus 150W | B17: 2800
A18: CDM-T 150W
A19: SON-T PIA PLUS 150W | B19: 2000
A20: CDM-T 35W
A21: SON-T 150W | B21: 2000
A22: Saled Led PS-L 26W 4
A23: PLL 55 W | B23: 3000
A24: CDO-ET Plus 100W | B24: 2800
A25: SON-T PIA PLUS 100W | B25: 2000
A26: CPO-TW 60W Xtra | B26: 2800
A27: CPO-TW 140W | B27: 2800
A28: PLL 55 W xtra polar | B28: 3000
A29: Unique-L Cool 55 Wat
A30: 28 LED 45W 5150 Lume
A31: CPO-T 60W | B31: 2800
A32: CPO-TW 90W Xtra | B32: 2800
A33: CPO-T 90W | B33: 2800
A34: HCI-T 35 W
A35: 24 LED LENSOFLEX2 27
A36: 72 LED LENSOFLEX2 78
A37: Golden Green 24W 250 | B37: 3000 | C37: hier moet zwaailicht op. Groenaandeel in kleurtemperatuur is te hoog
A38: 56 LED 63W 350mA 780
A39: Fortimo LED LLM 4500 | B39: 3000
A40: SCHREDER TECEO 5118
A41: SON PIA PLUS 50W I | B41: 2000
A42: CorePro LED Urban PL
A43: 16 LED LENSOFLEX2 18
A44: 80 LED 129W 9650Lume
A45: 24 LED 31W 350mA
A46: Teceo S 20LED 280mA
A47: Teceo-S 10LED 280mA
A48: CPO-TW 45W | B48: 2800
A49: CPO-TW Xtra 45W | B49: 2800
A50: LED25/610 DN 10
A51: SON 50 W I | B51: 2000
A52: Industria RetroLed m
A53: 24 LED 28W 350mA Pia
A54: CDO-TT Plus 70W | B54: 2800
A55: SON 70 W I | B55: 2000
A56: SON 100 W | B56: 2000
A57: Schreder 24 led 5112
A58: Schreder 16 led 5068
A59: Saled Led PS-L 18W 4
A60: SON 150 W | B60: 2000
A61: SOX 35 W | B61: 1800
A62: SOX PSG 35W | B62: 1800
A63: TL-E Circular Super
A64: SOX 90 W | B64: 1800
A65: CDM-TT150W
A66: SON-T PIA PLUS 250W | B66: 2000
A67: Fortimo LED LLM 1800 | B67: 3000
A68: PLT-X32 W | B68: 3000
A69: CPO-T 45W | B69: 2800
A70: PLL 18 W | B70: 3000
A71: CDO-TT Plus 100W | B71: 2800
A72: CDO-TT150W | B72: 2800
A73: LED Fortimo LLM 3000 | B73: 3000
A74: SOX/E 91W | B74: 1800
A75: Siteco DL 50 mini
A76: SOX 55 W | B76: 1800
A77: 28 LED Retroled unit
A78: CDO-TT 70W | B78: 2800
A79: 20 LED Retroled unit
A80: CDO-ET Plus 70W | B80: 2800
A81: CDM-TD150W
A82: Lightronics PRO LED3
A83: Lightronics LED CEDE
A84: 12 LED DW10 DD 23,5
A85: PLL 24 W xtra polar | B85: 3000
A86: LED32/3000K L2W PR01 | B86: 3000
A87: SOX/E 66W | B87: 1800
A88: PLL 80 W | B88: 3000
A89: TLLL 36 W
A90: 64 LED 23W 3000Lm WW | B90: 3000
A91: PLT-X42 W | B91: 3000
A92: LED25W WW TB-IO
A93: TLD XP36 W
A94: TLM 40 W
A95: 40 LED LXML 4420 Lum
A96: 48 LED 54W 6096Lumen
A97: 32 LED 37W 350mA Pia
A98: R LED module 22W 400
A99: CDM-TT 70W
A100: TL-D SUPER 80 18W/83 | B100: 3000
...
